POS,SHOC2AA,LRR_xtal,LRR_Circ_POS
104,R,LRR1,1
105,L,LRR1,0
106,D,LRR1,2
107,L,LRR1,0
108,S,LRR1,3
109,K,LRR1,3
110,R,LRR1,0
111,S,LRR1,4
112,I,LRR1,0
113,H,LRR1,5
114,I,LRR1,5
115,L,LRR1,0
116,P,LRR1,6
117,S,LRR1,6
118,S,LRR1,6
119,I,LRR1,0
120,K,LRR1,7
121,E,LRR1,7
122,L,LRR1,0
123,T,LRR1,8
124,Q,LRR1,8
125,L,LRR1,0
126,T,LRR1,1
127,E,LRR2,1
128,L,LRR2,0
129,Y,LRR2,2
130,L,LRR2,0
131,Y,LRR2,3
132,S,LRR2,3
133,N,LRR2,0
134,K,LRR2,4
135,L,LRR2,0
136,Q,LRR2,5
137,S,LRR2,5
138,L,LRR2,0
139,P,LRR2,6
140,A,LRR2,6
141,E,LRR2,6
142,V,LRR2,0
143,G,LRR2,7
144,C,LRR2,7
145,L,LRR2,0
146,V,LRR2,8
147,N,LRR2,8
148,L,LRR2,0
149,M,LRR2,1
150,T,LRR3,1
151,L,LRR3,0
152,A,LRR3,2
153,L,LRR3,0
154,S,LRR3,3
155,E,LRR3,3
156,N,LRR3,0
157,S,LRR3,4
158,L,LRR3,0
159,T,LRR3,5
160,S,LRR3,5
161,L,LRR3,0
162,P,LRR3,6
163,D,LRR3,6
164,S,LRR3,6
165,L,LRR3,0
166,D,LRR3,7
167,N,LRR3,7
168,L,LRR3,0
169,K,LRR3,8
170,K,LRR3,8
171,L,LRR3,0
172,R,LRR3,1
173,M,LRR4,1
174,L,LRR4,0
175,D,LRR4,2
176,L,LRR4,0
177,R,LRR4,3
178,H,LRR4,3
179,N,LRR4,0
180,K,LRR4,4
181,L,LRR4,0
182,R,LRR4,5
183,E,LRR4,5
184,I,LRR4,0
185,P,LRR4,6
186,S,LRR4,6
187,V,LRR4,6
188,V,LRR4,0
189,Y,LRR4,7
190,R,LRR4,7
191,L,LRR4,0
192,D,LRR4,8
193,S,LRR4,8
194,L,LRR4,0
195,T,LRR4,1
196,T,LRR5,1
197,L,LRR5,0
198,Y,LRR5,2
199,L,LRR5,0
200,R,LRR5,3
201,F,LRR5,3
202,N,LRR5,0
203,R,LRR5,4
204,I,LRR5,0
205,T,LRR5,5
206,T,LRR5,5
207,V,LRR5,0
208,E,LRR5,6
209,K,LRR5,6
210,D,LRR5,6
211,I,LRR5,0
212,K,LRR5,7
213,N,LRR5,7
214,L,LRR5,0
215,S,LRR5,8
216,K,LRR5,8
217,L,LRR5,0
218,S,LRR5,1
219,M,LRR6,1
220,L,LRR6,0
221,S,LRR6,2
222,I,LRR6,0
223,R,LRR6,3
224,E,LRR6,3
225,N,LRR6,0
226,K,LRR6,4
227,I,LRR6,0
228,K,LRR6,5
229,Q,LRR6,5
230,L,LRR6,0
231,P,LRR6,6
232,A,LRR6,6
233,E,LRR6,6
234,I,LRR6,0
235,G,LRR6,7
236,E,LRR6,7
237,L,LRR6,0
238,C,LRR6,8
239,N,LRR6,8
240,L,LRR6,0
241,I,LRR6,1
242,T,LRR7,1
243,L,LRR7,0
244,D,LRR7,2
245,V,LRR7,0
246,A,LRR7,3
247,H,LRR7,3
248,N,LRR7,0
249,Q,LRR7,4
250,L,LRR7,0
251,E,LRR7,5
252,H,LRR7,5
253,L,LRR7,0
254,P,LRR7,6
255,K,LRR7,6
256,E,LRR7,6
257,I,LRR7,0
258,G,LRR7,7
259,N,LRR7,7
260,C,LRR7,0
261,T,LRR7,8
262,Q,LRR7,8
263,I,LRR7,0
264,T,LRR7,1
265,N,LRR8,1
266,L,LRR8,0
267,D,LRR8,2
268,L,LRR8,0
269,Q,LRR8,3
270,H,LRR8,3
271,N,LRR8,0
272,E,LRR8,4
273,L,LRR8,0
274,L,LRR8,5
275,D,LRR8,5
276,L,LRR8,0
277,P,LRR8,6
278,D,LRR8,6
279,T,LRR8,6
280,I,LRR8,0
281,G,LRR8,7
282,N,LRR8,7
283,L,LRR8,0
284,S,LRR8,8
285,S,LRR8,8
286,L,LRR8,0
287,S,LRR8,1
288,R,LRR9,1
289,L,LRR9,0
290,G,LRR9,2
291,L,LRR9,0
292,R,LRR9,3
293,Y,LRR9,3
294,N,LRR9,0
295,R,LRR9,4
296,L,LRR9,0
297,S,LRR9,5
298,A,LRR9,5
299,I,LRR9,0
300,P,LRR9,6
301,R,LRR9,6
302,S,LRR9,6
303,L,LRR9,0
304,A,LRR9,7
305,K,LRR9,7
306,C,LRR9,0
307,S,LRR9,8
308,A,LRR9,8
309,L,LRR9,0
310,E,LRR9,1
311,E,LRR10,1
312,L,LRR10,0
313,N,LRR10,2
314,L,LRR10,0
315,E,LRR10,3
316,N,LRR10,3
317,N,LRR10,0
318,N,LRR10,4
319,I,LRR10,0
320,S,LRR10,5
321,T,LRR10,5
322,L,LRR10,0
323,P,LRR10,6
324,E,LRR10,6
325,S,LRR10,6
326,L,LRR10,0
327,L,LRR10,7
328,S,LRR10,7
329,S,LRR10,7
330,L,LRR10,0
331,V,LRR10,8
332,K,LRR10,8
333,L,LRR10,0
334,N,LRR10,1
335,S,LRR11,1
336,L,LRR11,0
337,T,LRR11,2
338,L,LRR11,0
339,A,LRR11,3
340,R,LRR11,3
341,N,LRR11,0
342,C,LRR11,4
343,F,LRR11,0
344,Q,LRR11,5
345,L,LRR11,5
346,Y,LRR11,0
347,P,LRR11,6
348,V,LRR11,6
349,G,LRR11,6
350,G,LRR11,0
351,P,LRR11,7
352,S,LRR11,7
353,Q,LRR11,7
354,F,LRR11,0
355,S,LRR11,8
356,T,LRR11,8
357,I,LRR11,0
358,Y,LRR11,1
359,S,LRR12,1
360,L,LRR12,0
361,N,LRR12,2
362,M,LRR12,0
363,E,LRR12,3
364,H,LRR12,3
365,N,LRR12,0
366,R,LRR12,4
367,I,LRR12,0
368,N,LRR12,5
369,K,LRR12,5
370,I,LRR12,0
371,P,LRR12,6
372,F,LRR12,6
373,G,LRR12,6
374,I,LRR12,0
375,F,LRR12,7
376,S,LRR12,7
377,R,LRR12,7
378,A,LRR12,0
379,K,LRR12,8
380,V,LRR12,8
381,L,LRR12,0
382,S,LRR12,1
383,K,LRR13,1
384,L,LRR13,0
385,N,LRR13,2
386,M,LRR13,0
387,K,LRR13,3
388,D,LRR13,3
389,N,LRR13,0
390,Q,LRR13,4
391,L,LRR13,0
392,T,LRR13,5
393,S,LRR13,5
394,L,LRR13,0
395,P,LRR13,6
396,L,LRR13,6
397,D,LRR13,6
398,F,LRR13,0
399,G,LRR13,7
400,T,LRR13,7
401,W,LRR13,0
402,T,LRR13,8
403,S,LRR13,8
404,M,LRR13,0
405,V,LRR13,1
406,E,LRR14,1
407,L,LRR14,0
408,N,LRR14,2
409,L,LRR14,0
410,A,LRR14,3
411,T,LRR14,3
412,N,LRR14,0
413,Q,LRR14,4
414,L,LRR14,0
415,T,LRR14,5
416,K,LRR14,5
417,I,LRR14,0
418,P,LRR14,6
419,E,LRR14,6
420,D,LRR14,6
421,V,LRR14,0
422,S,LRR14,7
423,G,LRR14,7
424,L,LRR14,0
425,V,LRR14,8
426,S,LRR14,8
427,L,LRR14,0
428,E,LRR14,1
429,V,LRR15,1
430,L,LRR15,0
431,I,LRR15,2
432,L,LRR15,0
433,S,LRR15,3
434,N,LRR15,3
435,N,LRR15,0
436,L,LRR15,4
437,L,LRR15,0
438,K,LRR15,5
439,K,LRR15,5
440,L,LRR15,0
441,P,LRR15,6
442,H,LRR15,6
443,G,LRR15,6
444,L,LRR15,0
445,G,LRR15,7
446,N,LRR15,7
447,L,LRR15,0
448,R,LRR15,8
449,K,LRR15,8
450,L,LRR15,0
451,R,LRR15,1
452,E,LRR16,1
453,L,LRR16,0
454,D,LRR16,2
455,L,LRR16,0
456,E,LRR16,3
457,E,LRR16,3
458,N,LRR16,0
459,K,LRR16,4
460,L,LRR16,0
461,E,LRR16,5
462,S,LRR16,5
463,L,LRR16,0
464,P,LRR16,6
465,N,LRR16,6
466,E,LRR16,6
467,I,LRR16,0
468,A,LRR16,7
469,Y,LRR16,7
470,L,LRR16,0
471,K,LRR16,8
472,D,LRR16,8
473,L,LRR16,0
474,Q,LRR16,1
475,K,LRR17,1
476,L,LRR17,0
477,V,LRR17,2
478,L,LRR17,0
479,T,LRR17,3
480,N,LRR17,3
481,N,LRR17,0
482,Q,LRR17,4
483,L,LRR17,0
484,T,LRR17,5
485,T,LRR17,5
486,L,LRR17,0
487,P,LRR17,6
488,R,LRR17,6
489,G,LRR17,6
490,I,LRR17,0
491,G,LRR17,7
492,H,LRR17,7
493,L,LRR17,0
494,T,LRR17,8
495,N,LRR17,8
496,L,LRR17,0
497,T,LRR17,1
498,H,LRR18,1
499,L,LRR18,0
500,G,LRR18,2
501,L,LRR18,0
502,G,LRR18,3
503,E,LRR18,3
504,N,LRR18,0
505,L,LRR18,4
506,L,LRR18,0
507,T,LRR18,5
508,H,LRR18,5
509,L,LRR18,0
510,P,LRR18,6
511,E,LRR18,6
512,E,LRR18,6
513,I,LRR18,0
514,G,LRR18,7
515,T,LRR18,7
516,L,LRR18,0
517,E,LRR18,8
518,N,LRR18,8
519,L,LRR18,0
520,E,LRR18,1
521,E,LRR19,1
522,L,LRR19,0
523,Y,LRR19,2
524,L,LRR19,0
525,N,LRR19,3
526,D,LRR19,3
527,N,LRR19,0
528,P,LRR19,4
529,N,LRR19,4
530,L,LRR19,0
531,H,LRR19,5
532,S,LRR19,5
533,L,LRR19,0
534,P,LRR19,6
535,F,LRR19,6
536,E,LRR19,6
537,L,LRR19,0
538,A,LRR19,7
539,L,LRR19,7
540,C,LRR19,0
541,S,LRR19,8
542,K,LRR19,8
543,L,LRR19,0
544,S,LRR19,1
545,I,LRR20,1
546,M,LRR20,0
547,S,LRR20,2
548,I,LRR20,0
549,E,LRR20,3
550,N,LRR20,3
551,C,LRR20,0
552,P,LRR20,4
553,L,LRR20,0