"","AAnum","POS","SHOC2AA","H1","H2","H3","V","P1","P2","SASA","NCI","MASS","Evo_freq","structural_position","mean_scale_LFC","avgMutateX","Energy","absolute_E","Core_resi"
"1","V64",64,"V","1.08","-1.5","2","71.5","5.9","0.14","1.645","0.057004","99.1326",1.9793394,"N_unstruc",-1.13717529160246,0.0511795,-4.17,4.17,"PP1C_interact"
"2","A65",65,"A","0.62","-0.5","2","27.5","8.1","0.046","1.181","0.007187","71.0788",0,"N_unstruc",-0.171662645448839,0.6137595,-9.07,9.07,"PP1C_interact"
"3","F66",66,"F","1.19","-2.5","2","115.5","5.2","0.29","2.228","0.037552","147.1766",0,"N_unstruc",-1.16660124140345,0.731368,-12.21,12.21,"PP1C_interact"
"4","S67",67,"S","-0.18","0.3","4","29.3","9.2","0.062","1.298","0.004627","87.0782",0,"N_unstruc",0.388456470128946,0.02828,-5.91,5.91,"PP1C_interact"
"5","V68",68,"V","1.08","-1.5","2","71.5","5.9","0.14","1.645","0.057004","99.1326",0,"N_unstruc",-0.749102185791751,0.4856065,-2.44,2.44,"PP1C_interact"
"6","I72",72,"I","1.38","-1.8","2","93.5","5.2","0.186","1.81","0.021631","113.1594",0,"N_unstruc",-1.15206777235383,0.5124735,-2.27,2.27,"PP1C_interact"
"7","K73",73,"K","-1.5","3","2","100","11.3","0.219","2.258","0.017708","128.1741",1.761829576,"N_unstruc",-0.447355920563096,-0.15073,0.3,0.3,"PP1C_interact"
"8","R74",74,"R","-2.53","3","4","105","10.5","0.18","1.932","0.049211","156.1875",0,"N_unstruc",-1.20968965163484,-0.0257725,0.01,0.01,"PP1C_interact"
"9","P75",75,"P","0.12","0","2","41.9","8","0.131","1.468","0.239531","97.1167",1.914086453,"N_unstruc",-1.05134619651462,0.64389,0.68,0.68,"PP1C_interact"
"10","N76",76,"N","-0.78","2","4","58.7","11.6","0.134","1.655","0.005392","114.1039",0,"N_unstruc",0.118905047008566,-0.00398749999999999,-0.83,0.83,"PP1C_interact"
"11","P77",77,"P","0.12","0","2","41.9","8","0.131","1.468","0.239531","97.1167",0,"N_unstruc",-0.317183964246081,0.632837,-0.14,0.14,"PP1C_interact"
"12","K134",134,"K","-1.5","3","2","100","11.3","0.219","2.258","0.017708","128.1741",0,"surface",-0.662118917697057,0.7778945,0.25,0.25,"PP1C_interact"
"13","H178",178,"H","-0.4","-0.5","4","79","10.4","0.23","2.025","-0.01069","137.1411",0,"surface",-1.44910026370927,-3.49999999999883e-05,-5.61,5.61,"PP1C_interact"
"14","K180",180,"K","-1.5","3","2","100","11.3","0.219","2.258","0.017708","128.1741",0,"surface",-1.0336958537794,0.193755,-17.57,17.57,"PP1C_interact"
"15","R182",182,"R","-2.53","3","4","105","10.5","0.18","1.932","0.049211","156.1875",0,"surface",-0.813542421793744,-0.099813,-28.2,28.2,"PP1C_interact"
"16","F201",201,"F","1.19","-2.5","2","115.5","5.2","0.29","2.228","0.037552","147.1766",0,"surface",-1.03907713800735,0.5467815,-1.96,1.96,"PP1C_interact"
"17","R203",203,"R","-2.53","3","4","105","10.5","0.18","1.932","0.049211","156.1875",0,"surface",-1.4133059446546,0.627203,-58.85,58.85,"PP1C_interact"
"18","E224",224,"E","-0.74","3","4","62","12.3","0.151","1.862","0.006802","129.1155",0,"surface",0.0519290366514002,1.0586595,NA,NA,"PP1C_interact"
"19","H270",270,"H","-0.4","-0.5","4","79","10.4","0.23","2.025","-0.01069","137.1411",0,"surface",-0.484706903788556,0.819334,0.54,0.54,"PP1C_interact"
"20","Y293",293,"Y","0.26","-2.3","3","117.3","6.2","0.298","2.368","0.023599","163.176",0,"surface",-1.19025564255788,2.146334,-2.14,2.14,"PP1C_interact"
"21","N316",316,"N","-0.78","2","4","58.7","11.6","0.134","1.655","0.005392","114.1039",0,"surface",-1.11224091146797,2.9216015,-6,6,"PP1C_interact"
"22","R340",340,"R","-2.53","3","4","105","10.5","0.18","1.932","0.049211","156.1875",0,"surface",-0.929909471855661,2.168761,-2.72,2.72,"PP1C_interact"
"23","D388",388,"D","-0.9","3","4","40","13","0.105","1.587","-0.02382","115.0886",0,"surface",-0.77873797861306,1.8358095,-20.28,20.28,"PP1C_interact"
"24","T411",411,"T","-0.05","-0.4","4","51.3","8.6","0.108","1.525","0.003352","101.1051",0,"surface",0.838578707225159,-1.8949615,2.54,2.54,"PP1C_interact"
"25","N434",434,"N","-0.78","2","4","58.7","11.6","0.134","1.655","0.005392","114.1039",0,"surface",0.487755607749391,1.197557,-1.15,1.15,"PP1C_interact"
"26","E456",456,"E","-0.74","3","4","62","12.3","0.151","1.862","0.006802","129.1155",0,"surface",-0.972020096041904,-0.794707,-16.2,16.2,"PP1C_interact"
"27","E457",457,"E","-0.74","3","4","62","12.3","0.151","1.862","0.006802","129.1155",0,"surface",-0.704924495244659,0.5009975,-4.12,4.12,"PP1C_interact"
"28","E503",503,"E","-0.74","3","4","62","12.3","0.151","1.862","0.006802","129.1155",0,"surface",-0.819079195641561,-0.1894695,-13.53,13.53,"PP1C_interact"
"29","R104",104,"R","-2.53","3","4","105","10.5","0.18","1.932","0.049211","156.1875",2.069884187,"surface",-0.692219975830935,0.765179,0.11,0.11,"MRAS_interact"
"30","D106",106,"D","-0.9","3","4","40","13","0.105","1.587","-0.02382","115.0886",0,"surface",-1.0183779181639,2.342366,-1.61,1.61,"MRAS_interact"
"31","Y129",129,"Y","0.26","-2.3","3","117.3","6.2","0.298","2.368","0.023599","163.176",0,"surface",-1.06611901092476,3.4397035,-0.65,0.65,"MRAS_interact"
"32","Y131",131,"Y","0.26","-2.3","3","117.3","6.2","0.298","2.368","0.023599","163.176",0,"surface",-1.44761782559824,0.6313775,-0.67,0.67,"MRAS_interact"
"33","T150",150,"T","-0.05","-0.4","4","51.3","8.6","0.108","1.525","0.003352","101.1051",1.825059176,"surface",-0.329646247397972,0.013095,NA,NA,"MRAS_interact"
"34","A152",152,"A","0.62","-0.5","2","27.5","8.1","0.046","1.181","0.007187","71.0788",1.847315995,"core",-0.991471497459031,-0.6461805,-1.28,1.28,"MRAS_interact"
"35","M173",173,"M","0.64","-1.3","2","94.1","5.7","0.221","2.034","0.002683","131.1986",0,"surface",-0.00251286091720363,2.602391,-1.28,1.28,"MRAS_interact"
"36","D175",175,"D","-0.9","3","4","40","13","0.105","1.587","-0.02382","115.0886",0,"surface",-1.04712585290818,2.4572355,0.07,0.07,"MRAS_interact"
"37","R177",177,"R","-2.53","3","4","105","10.5","0.18","1.932","0.049211","156.1875",0,"surface",-1.37971664105087,2.980418,-28.47,28.47,"MRAS_interact"
"38","Y198",198,"Y","0.26","-2.3","3","117.3","6.2","0.298","2.368","0.023599","163.176",2.626304668,"surface",-0.78639592571899,2.3552055,-3.95,3.95,"MRAS_interact"
"39","R200",200,"R","-2.53","3","4","105","10.5","0.18","1.932","0.049211","156.1875",0,"surface",-1.34749908910489,-0.026186,-2.91,2.91,"MRAS_interact"
"40","M219",219,"M","0.64","-1.3","2","94.1","5.7","0.221","2.034","0.002683","131.1986",1.669261441,"surface",-0.0741095615774138,1.2508045,-1.53,1.53,"MRAS_interact"
"41","R223",223,"R","-2.53","3","4","105","10.5","0.18","1.932","0.049211","156.1875",0,"surface",-1.3208886611894,3.1972105,-36.33,36.33,"MRAS_interact"
"42","I241",241,"I","1.38","-1.8","2","93.5","5.2","0.186","1.81","0.021631","113.1594",1.647004622,"surface",-0.299655216089719,0.604025,-0.56,0.56,"MRAS_interact"
"43","T242",242,"T","-0.05","-0.4","4","51.3","8.6","0.108","1.525","0.003352","101.1051",0,"surface",-0.21115811891259,-0.567221,-0.91,0.91,"MRAS_interact"
"44","T264",264,"T","-0.05","-0.4","4","51.3","8.6","0.108","1.525","0.003352","101.1051",1.825059176,"surface",0.00640965739837149,0.435819,0,0,"MRAS_interact"
"45","N265",265,"N","-0.78","2","4","58.7","11.6","0.134","1.655","0.005392","114.1039",1.891299709,"surface",-0.373851771329241,-0.036924,-1.23,1.23,"MRAS_interact"
"46","D267",267,"D","-0.9","3","4","40","13","0.105","1.587","-0.02382","115.0886",0,"core",-0.0767466873447058,2.0435195,0.02,0.02,"MRAS_interact"
"47","Q269",269,"Q","-0.85","0.2","4","80.7","10.5","0.18","1.932","0.049211","128.1307",0,"surface",-0.0603438201257574,3.118888,-0.2,0.2,"MRAS_interact"
"48","R288",288,"R","-2.53","3","4","105","10.5","0.18","1.932","0.049211","156.1875",2.030799041,"surface",-1.35582605244612,0.5252975,-2.67,2.67,"MRAS_interact"
"49","R292",292,"R","-2.53","3","4","105","10.5","0.18","1.932","0.049211","156.1875",0,"surface",-0.818621314720114,2.503723,-20.03,20.03,"MRAS_interact"
"50","N313",313,"N","-0.78","2","4","58.7","11.6","0.134","1.655","0.005392","114.1039",0,"surface",-0.927384515106626,0.520181,0,0,"MRAS_interact"
"51","E315",315,"E","-0.74","3","4","62","12.3","0.151","1.862","0.006802","129.1155",0,"surface",-0.825273413689671,1.318506,NA,NA,"MRAS_interact"
"52","Y358",358,"Y","0.26","-2.3","3","117.3","6.2","0.298","2.368","0.023599","163.176",0,"surface",0.0256385709745619,1.474564,-0.8,0.8,"MRAS_interact"
"53","V405",405,"V","1.08","-1.5","2","71.5","5.9","0.14","1.645","0.057004","99.1326",0,"surface",-0.285755369478959,0.9592745,-0.79,0.79,"MRAS_interact"
"54","E428",428,"E","-0.74","3","4","62","12.3","0.151","1.862","0.006802","129.1155",0,"surface",0.138406553066595,0.4574435,-2.62,2.62,"MRAS_interact"
"55","V90",90,"V","1.08","-1.5","2","71.5","5.9","0.14","1.645","0.057004","99.1326",0,"core",-0.269636734482441,2.991597,NA,NA,"Core_Residue"
"56","L94",94,"L","1.06","-1.8","2","93.5","4.9","0.186","1.931","0.051672","113.1594",0,"core",-0.718865057464623,3.5069085,NA,NA,"Core_Residue"
"57","C97",97,"C","0.29","-1","2","44.6","5.5","0.128","1.461","-0.03661","103.1388",0,"core",-0.586959639399486,1.0777325,NA,NA,"Core_Residue"
"58","L105",105,"L","1.06","-1.8","2","93.5","4.9","0.186","1.931","0.051672","113.1594",0,"core",-0.695749041713143,4.8447185,NA,NA,"Core_Residue"
"59","L107",107,"L","1.06","-1.8","2","93.5","4.9","0.186","1.931","0.051672","113.1594",0,"core",-0.986302902394777,4.845447,NA,NA,"Core_Residue"
"60","S108",108,"S","-0.18","0.3","4","29.3","9.2","0.062","1.298","0.004627","87.0782",3.418011523,"core",-0.617044486896481,2.3159615,NA,NA,"Core_Residue"
"61","I112",112,"I","1.38","-1.8","2","93.5","5.2","0.186","1.81","0.021631","113.1594",0,"core",-0.469711883566025,3.992159,NA,NA,"Core_Residue"
"62","L115",115,"L","1.06","-1.8","2","93.5","4.9","0.186","1.931","0.051672","113.1594",2.136654645,"core",-1.06241808605902,4.1149045,NA,NA,"Core_Residue"
"63","I119",119,"I","1.38","-1.8","2","93.5","5.2","0.186","1.81","0.021631","113.1594",2.336966018,"core",-1.03408690420498,4.582559,NA,NA,"Core_Residue"
"64","L122",122,"L","1.06","-1.8","2","93.5","4.9","0.186","1.931","0.051672","113.1594",0,"core",-0.266475565756667,3.517525,NA,NA,"Core_Residue"
"65","L125",125,"L","1.06","-1.8","2","93.5","4.9","0.186","1.931","0.051672","113.1594",3.182725148,"core",-0.930841350939198,4.3506525,NA,NA,"Core_Residue"
"66","L128",128,"L","1.06","-1.8","2","93.5","4.9","0.186","1.931","0.051672","113.1594",0,"core",-0.774778337765745,4.232594,NA,NA,"Core_Residue"
"67","L130",130,"L","1.06","-1.8","2","93.5","4.9","0.186","1.931","0.051672","113.1594",0,"core",-0.654766387034389,4.621446,NA,NA,"Core_Residue"
"68","N133",133,"N","-0.78","2","4","58.7","11.6","0.134","1.655","0.005392","114.1039",0,"core",-1.27402819267909,10.5814075,NA,NA,"Core_Residue"
"69","L135",135,"L","1.06","-1.8","2","93.5","4.9","0.186","1.931","0.051672","113.1594",0,"core",-0.709112623269835,3.852063,NA,NA,"Core_Residue"
"70","L138",138,"L","1.06","-1.8","2","93.5","4.9","0.186","1.931","0.051672","113.1594",0,"core",-1.00944183136833,4.470054,NA,NA,"Core_Residue"
"71","V142",142,"V","1.08","-1.5","2","71.5","5.9","0.14","1.645","0.057004","99.1326",1.157354599,"core",-0.445524782203701,3.239752,NA,NA,"Core_Residue"
"72","G143",143,"G","0.48","0","2","0","9","0","0.881","0.179052","57.0519",0,"core",-0.404035555918784,8.0080865,NA,NA,"Core_Residue"
"73","L145",145,"L","1.06","-1.8","2","93.5","4.9","0.186","1.931","0.051672","113.1594",1.535720526,"core",-0.558776821620926,4.5864025,NA,NA,"Core_Residue"
"74","L148",148,"L","1.06","-1.8","2","93.5","4.9","0.186","1.931","0.051672","113.1594",0,"core",-0.787492585575371,4.8238415,NA,NA,"Core_Residue"
"75","L151",151,"L","1.06","-1.8","2","93.5","4.9","0.186","1.931","0.051672","113.1594",0,"core",-0.915299630037717,3.7941165,NA,NA,"Core_Residue"
"76","L153",153,"L","1.06","-1.8","2","93.5","4.9","0.186","1.931","0.051672","113.1594",0,"core",-0.732798837451674,4.5636145,NA,NA,"Core_Residue"
"77","S154",154,"S","-0.18","0.3","4","29.3","9.2","0.062","1.298","0.004627","87.0782",3.605604713,"core",-1.07891024794465,1.03085,0.01,0.01,"Core_Residue"
"78","N156",156,"N","-0.78","2","4","58.7","11.6","0.134","1.655","0.005392","114.1039",0,"core",-1.1058977367867,7.903257,NA,NA,"Core_Residue"
"79","L158",158,"L","1.06","-1.8","2","93.5","4.9","0.186","1.931","0.051672","113.1594",0,"core",-1.15030646571425,3.698236,NA,NA,"Core_Residue"
"80","L161",161,"L","1.06","-1.8","2","93.5","4.9","0.186","1.931","0.051672","113.1594",0,"core",-1.10720346359149,4.5669155,NA,NA,"Core_Residue"
"81","L165",165,"L","1.06","-1.8","2","93.5","4.9","0.186","1.931","0.051672","113.1594",0,"core",-0.549800298602039,4.288432,NA,NA,"Core_Residue"
"82","L168",168,"L","1.06","-1.8","2","93.5","4.9","0.186","1.931","0.051672","113.1594",2.225681922,"core",0.201624120557107,3.5473135,NA,NA,"Core_Residue"
"83","L171",171,"L","1.06","-1.8","2","93.5","4.9","0.186","1.931","0.051672","113.1594",0,"core",-0.872198228128401,5.187796,NA,NA,"Core_Residue"
"84","L174",174,"L","1.06","-1.8","2","93.5","4.9","0.186","1.931","0.051672","113.1594",1.647004622,"core",-0.725904756250028,4.494771,NA,NA,"Core_Residue"
"85","L176",176,"L","1.06","-1.8","2","93.5","4.9","0.186","1.931","0.051672","113.1594",0,"core",-0.666684533388,4.762691,NA,NA,"Core_Residue"
"86","N179",179,"N","-0.78","2","4","58.7","11.6","0.134","1.655","0.005392","114.1039",0,"core",-1.00355607490909,6.420597,NA,NA,"Core_Residue"
"87","L181",181,"L","1.06","-1.8","2","93.5","4.9","0.186","1.931","0.051672","113.1594",0,"core",-0.920919523127248,3.4608535,NA,NA,"Core_Residue"
"88","I184",184,"I","1.38","-1.8","2","93.5","5.2","0.186","1.81","0.021631","113.1594",0,"core",-0.769013019571667,2.3283825,NA,NA,"Core_Residue"
"89","P185",185,"P","0.12","0","2","41.9","8","0.131","1.468","0.239531","97.1167",0,"core",-0.191198000083922,6.8052445,NA,NA,"Core_Residue"
"90","V187",187,"V","1.08","-1.5","2","71.5","5.9","0.14","1.645","0.057004","99.1326",0,"core",0.283513503989766,5.4402145,NA,NA,"Core_Residue"
"91","V188",188,"V","1.08","-1.5","2","71.5","5.9","0.14","1.645","0.057004","99.1326",1.647004622,"core",-0.566400054528563,3.619718,NA,NA,"Core_Residue"
"92","Y189",189,"Y","0.26","-2.3","3","117.3","6.2","0.298","2.368","0.023599","163.176",0,"core",-0.234114703167574,2.910787,NA,NA,"Core_Residue"
"93","L191",191,"L","1.06","-1.8","2","93.5","4.9","0.186","1.931","0.051672","113.1594",1.647004622,"core",-0.288736496446103,3.8485825,NA,NA,"Core_Residue"
"94","S193",193,"S","-0.18","0.3","4","29.3","9.2","0.062","1.298","0.004627","87.0782",1.402179611,"core",-0.115663175948768,0.947868,NA,NA,"Core_Residue"
"95","L194",194,"L","1.06","-1.8","2","93.5","4.9","0.186","1.931","0.051672","113.1594",0,"core",-0.936631023039186,4.665306,NA,NA,"Core_Residue"
"96","L197",197,"L","1.06","-1.8","2","93.5","4.9","0.186","1.931","0.051672","113.1594",0,"core",-0.333388319529461,3.4451615,NA,NA,"Core_Residue"
"97","L199",199,"L","1.06","-1.8","2","93.5","4.9","0.186","1.931","0.051672","113.1594",0,"core",-0.43982436653547,3.8925975,NA,NA,"Core_Residue"
"98","N202",202,"N","-0.78","2","4","58.7","11.6","0.134","1.655","0.005392","114.1039",0,"core",-1.2931646486607,8.858587,NA,NA,"Core_Residue"
"99","I204",204,"I","1.38","-1.8","2","93.5","5.2","0.186","1.81","0.021631","113.1594",0,"core",-0.800504095687535,4.933129,NA,NA,"Core_Residue"
"100","V207",207,"V","1.08","-1.5","2","71.5","5.9","0.14","1.645","0.057004","99.1326",0,"core",-0.614259425432015,2.396216,NA,NA,"Core_Residue"
"101","I211",211,"I","1.38","-1.8","2","93.5","5.2","0.186","1.81","0.021631","113.1594",0.778988673,"core",-0.736290234710108,3.008375,NA,NA,"Core_Residue"
"102","L214",214,"L","1.06","-1.8","2","93.5","4.9","0.186","1.931","0.051672","113.1594",0,"core",-0.675430579808826,4.6677775,NA,NA,"Core_Residue"
"103","L217",217,"L","1.06","-1.8","2","93.5","4.9","0.186","1.931","0.051672","113.1594",0,"core",-0.747252695138066,4.426064,NA,NA,"Core_Residue"
"104","L220",220,"L","1.06","-1.8","2","93.5","4.9","0.186","1.931","0.051672","113.1594",0,"core",-0.409083817320327,2.980072,NA,NA,"Core_Residue"
"105","S221",221,"S","-0.18","0.3","4","29.3","9.2","0.062","1.298","0.004627","87.0782",1.557977345,"core",-0.715411185223205,-1.0866185,NA,NA,"Core_Residue"
"106","I222",222,"I","1.38","-1.8","2","93.5","5.2","0.186","1.81","0.021631","113.1594",0,"core",-0.674852057873432,2.8102835,NA,NA,"Core_Residue"
"107","N225",225,"N","-0.78","2","4","58.7","11.6","0.134","1.655","0.005392","114.1039",0,"core",-1.06485431387104,8.5077155,NA,NA,"Core_Residue"
"108","I227",227,"I","1.38","-1.8","2","93.5","5.2","0.186","1.81","0.021631","113.1594",0,"core",-0.665739598734406,4.1581915,NA,NA,"Core_Residue"
"109","L230",230,"L","1.06","-1.8","2","93.5","4.9","0.186","1.931","0.051672","113.1594",0,"core",-0.704515624502014,3.3546885,NA,NA,"Core_Residue"
"110","I234",234,"I","1.38","-1.8","2","93.5","5.2","0.186","1.81","0.021631","113.1594",0,"core",-0.50178120410468,2.933031,NA,NA,"Core_Residue"
"111","G235",235,"G","0.48","0","2","0","9","0","0.881","0.179052","57.0519",0,"core",-0.0311655873268533,4.4151065,NA,NA,"Core_Residue"
"112","L237",237,"L","1.06","-1.8","2","93.5","4.9","0.186","1.931","0.051672","113.1594",0,"core",-0.207215840198854,4.707491,NA,NA,"Core_Residue"
"113","L240",240,"L","1.06","-1.8","2","93.5","4.9","0.186","1.931","0.051672","113.1594",0,"core",-0.544645218060712,4.7769725,NA,NA,"Core_Residue"
"114","L243",243,"L","1.06","-1.8","2","93.5","4.9","0.186","1.931","0.051672","113.1594",0,"core",-0.674838902618276,3.0495895,NA,NA,"Core_Residue"
"115","V245",245,"V","1.08","-1.5","2","71.5","5.9","0.14","1.645","0.057004","99.1326",0,"core",-0.379629144809905,3.3913885,NA,NA,"Core_Residue"
"116","A246",246,"A","0.62","-0.5","2","27.5","8.1","0.046","1.181","0.007187","71.0788",0,"core",0.0477061021355855,9.010124,NA,NA,"Core_Residue"
"117","N248",248,"N","-0.78","2","4","58.7","11.6","0.134","1.655","0.005392","114.1039",0,"core",-0.452248865020768,9.4110615,NA,NA,"Core_Residue"
"118","L250",250,"L","1.06","-1.8","2","93.5","4.9","0.186","1.931","0.051672","113.1594",0,"core",-0.612080295759256,3.750097,NA,NA,"Core_Residue"
"119","L253",253,"L","1.06","-1.8","2","93.5","4.9","0.186","1.931","0.051672","113.1594",0,"core",-0.570499386680517,3.662869,NA,NA,"Core_Residue"
"120","I257",257,"I","1.38","-1.8","2","93.5","5.2","0.186","1.81","0.021631","113.1594",0,"core",-0.548270740248014,3.1880985,NA,NA,"Core_Residue"
"121","G258",258,"G","0.48","0","2","0","9","0","0.881","0.179052","57.0519",0,"core",0.384164663880882,2.3288615,NA,NA,"Core_Residue"
"122","C260",260,"C","0.29","-1","2","44.6","5.5","0.128","1.461","-0.03661","103.1388",0,"core",-0.21155236518222,6.1262435,NA,NA,"Core_Residue"
"123","I263",263,"I","1.38","-1.8","2","93.5","5.2","0.186","1.81","0.021631","113.1594",0,"core",-0.762736977719805,6.04308,NA,NA,"Core_Residue"
"124","L266",266,"L","1.06","-1.8","2","93.5","4.9","0.186","1.931","0.051672","113.1594",0,"core",-1.13148576522667,4.0169555,NA,NA,"Core_Residue"
"125","L268",268,"L","1.06","-1.8","2","93.5","4.9","0.186","1.931","0.051672","113.1594",0,"core",-0.794216684081134,4.158842,NA,NA,"Core_Residue"
"126","N271",271,"N","-0.78","2","4","58.7","11.6","0.134","1.655","0.005392","114.1039",0,"core",-0.966492973584924,8.0604425,NA,NA,"Core_Residue"
"127","L273",273,"L","1.06","-1.8","2","93.5","4.9","0.186","1.931","0.051672","113.1594",0,"core",-0.853751105710529,3.7576525,NA,NA,"Core_Residue"
"128","L276",276,"L","1.06","-1.8","2","93.5","4.9","0.186","1.931","0.051672","113.1594",0,"core",-0.779562833667138,4.2892225,NA,NA,"Core_Residue"
"129","I280",280,"I","1.38","-1.8","2","93.5","5.2","0.186","1.81","0.021631","113.1594",0,"core",-0.846592838993265,3.3504855,NA,NA,"Core_Residue"
"130","G281",281,"G","0.48","0","2","0","9","0","0.881","0.179052","57.0519",2.334251772,"core",-0.277202519904658,5.385846,NA,NA,"Core_Residue"
"131","L283",283,"L","1.06","-1.8","2","93.5","4.9","0.186","1.931","0.051672","113.1594",0,"core",-0.728644662806709,4.0903435,NA,NA,"Core_Residue"
"132","L286",286,"L","1.06","-1.8","2","93.5","4.9","0.186","1.931","0.051672","113.1594",0.887015673,"core",-1.01295110059276,5.0265665,NA,NA,"Core_Residue"
"133","L289",289,"L","1.06","-1.8","2","93.5","4.9","0.186","1.931","0.051672","113.1594",0,"core",-0.590573288489402,3.1323945,NA,NA,"Core_Residue"
"134","G290",290,"G","0.48","0","2","0","9","0","0.881","0.179052","57.0519",0,"core",-0.82313195083431,4.9360035,NA,NA,"Core_Residue"
"135","L291",291,"L","1.06","-1.8","2","93.5","4.9","0.186","1.931","0.051672","113.1594",0,"core",-0.562538947517466,4.0521925,NA,NA,"Core_Residue"
"136","N294",294,"N","-0.78","2","4","58.7","11.6","0.134","1.655","0.005392","114.1039",0,"core",-1.03474403981633,11.1866145,NA,NA,"Core_Residue"
"137","L296",296,"L","1.06","-1.8","2","93.5","4.9","0.186","1.931","0.051672","113.1594",0,"core",-0.805317753126513,3.834257,NA,NA,"Core_Residue"
"138","I299",299,"I","1.38","-1.8","2","93.5","5.2","0.186","1.81","0.021631","113.1594",0.81698812,"core",-0.761664852707824,4.4211685,NA,NA,"Core_Residue"
"139","L303",303,"L","1.06","-1.8","2","93.5","4.9","0.186","1.931","0.051672","113.1594",0,"core",-0.867578210867028,3.793493,NA,NA,"Core_Residue"
"140","C306",306,"C","0.29","-1","2","44.6","5.5","0.128","1.461","-0.03661","103.1388",0,"core",-0.613617668722544,6.696811,NA,NA,"Core_Residue"
"141","L309",309,"L","1.06","-1.8","2","93.5","4.9","0.186","1.931","0.051672","113.1594",0,"core",-0.900795738359726,3.4153535,NA,NA,"Core_Residue"
"142","L312",312,"L","1.06","-1.8","2","93.5","4.9","0.186","1.931","0.051672","113.1594",0,"core",-0.758583356962715,3.290141,NA,NA,"Core_Residue"
"143","L314",314,"L","1.06","-1.8","2","93.5","4.9","0.186","1.931","0.051672","113.1594",0,"core",-0.818072910295711,4.1395515,NA,NA,"Core_Residue"
"144","I319",319,"I","1.38","-1.8","2","93.5","5.2","0.186","1.81","0.021631","113.1594",0,"core",-0.776193864997249,5.2556275,NA,NA,"Core_Residue"
"145","L322",322,"L","1.06","-1.8","2","93.5","4.9","0.186","1.931","0.051672","113.1594",0,"core",-0.895451823867509,3.3202145,NA,NA,"Core_Residue"
"146","L326",326,"L","1.06","-1.8","2","93.5","4.9","0.186","1.931","0.051672","113.1594",0,"core",-0.925791215424348,3.474616,NA,NA,"Core_Residue"
"147","L327",327,"L","1.06","-1.8","2","93.5","4.9","0.186","1.931","0.051672","113.1594",2.278674348,"core",-0.797252442128595,2.5345585,NA,NA,"Core_Residue"
"148","L330",330,"L","1.06","-1.8","2","93.5","4.9","0.186","1.931","0.051672","113.1594",0,"core",-0.771821234439081,3.1176535,NA,NA,"Core_Residue"
"149","L333",333,"L","1.06","-1.8","2","93.5","4.9","0.186","1.931","0.051672","113.1594",1.686219018,"core",-0.936580537387117,5.4192805,NA,NA,"Core_Residue"
"150","L336",336,"L","1.06","-1.8","2","93.5","4.9","0.186","1.931","0.051672","113.1594",0,"core",-0.641352825108653,3.857528,NA,NA,"Core_Residue"
"151","T337",337,"T","-0.05","-0.4","4","51.3","8.6","0.108","1.525","0.003352","101.1051",0,"core",-0.631546657300498,-0.2144785,NA,NA,"Core_Residue"
"152","L338",338,"L","1.06","-1.8","2","93.5","4.9","0.186","1.931","0.051672","113.1594",0,"core",-1.05294055884674,3.851315,NA,NA,"Core_Residue"
"153","A339",339,"A","0.62","-0.5","2","27.5","8.1","0.046","1.181","0.007187","71.0788",0,"core",-1.06517607923917,4.118496,NA,NA,"Core_Residue"
"154","N341",341,"N","-0.78","2","4","58.7","11.6","0.134","1.655","0.005392","114.1039",0,"core",-0.951561910351663,6.9123425,NA,NA,"Core_Residue"
"155","F343",343,"F","1.19","-2.5","2","115.5","5.2","0.29","2.228","0.037552","147.1766",0,"core",-0.978527646299501,3.617239,NA,NA,"Core_Residue"
"156","Y346",346,"Y","0.26","-2.3","3","117.3","6.2","0.298","2.368","0.023599","163.176",0,"core",-0.654937501791717,3.7244225,NA,NA,"Core_Residue"
"157","P347",347,"P","0.12","0","2","41.9","8","0.131","1.468","0.239531","97.1167",0,"core",-0.798910447742988,3.937843,NA,NA,"Core_Residue"
"158","Q353",353,"Q","-0.85","0.2","4","80.7","10.5","0.18","1.932","0.049211","128.1307",0,"core",-0.23370786008005,0.2418745,NA,NA,"Core_Residue"
"159","F354",354,"F","1.19","-2.5","2","115.5","5.2","0.29","2.228","0.037552","147.1766",0,"core",-0.673593066353208,3.6913605,NA,NA,"Core_Residue"
"160","I357",357,"I","1.38","-1.8","2","93.5","5.2","0.186","1.81","0.021631","113.1594",0,"core",-0.642040541331843,3.9130795,NA,NA,"Core_Residue"
"161","L360",360,"L","1.06","-1.8","2","93.5","4.9","0.186","1.931","0.051672","113.1594",0,"core",-0.664015068838034,4.1554575,NA,NA,"Core_Residue"
"162","M362",362,"M","0.64","-1.3","2","94.1","5.7","0.221","2.034","0.002683","131.1986",0.06836023,"core",-0.401248246220828,4.020832,NA,NA,"Core_Residue"
"163","N365",365,"N","-0.78","2","4","58.7","11.6","0.134","1.655","0.005392","114.1039",0,"core",-0.896232394318237,7.6137095,NA,NA,"Core_Residue"
"164","I367",367,"I","1.38","-1.8","2","93.5","5.2","0.186","1.81","0.021631","113.1594",0,"core",-0.989346340911486,4.760702,NA,NA,"Core_Residue"
"165","I370",370,"I","1.38","-1.8","2","93.5","5.2","0.186","1.81","0.021631","113.1594",0,"core",-0.901982742787656,4.106885,NA,NA,"Core_Residue"
"166","G373",373,"G","0.48","0","2","0","9","0","0.881","0.179052","57.0519",0,"core",-0.581954582757443,2.959565,NA,NA,"Core_Residue"
"167","I374",374,"I","1.38","-1.8","2","93.5","5.2","0.186","1.81","0.021631","113.1594",0,"core",-0.501988782500334,3.358031,NA,NA,"Core_Residue"
"168","F375",375,"F","1.19","-2.5","2","115.5","5.2","0.29","2.228","0.037552","147.1766",0,"core",-0.742108874831476,4.6273965,NA,NA,"Core_Residue"
"169","A378",378,"A","0.62","-0.5","2","27.5","8.1","0.046","1.181","0.007187","71.0788",0,"core",NA,9.139029,NA,NA,"Core_Residue"
"170","L381",381,"L","1.06","-1.8","2","93.5","4.9","0.186","1.931","0.051672","113.1594",0,"core",-0.52168174569921,4.962098,NA,NA,"Core_Residue"
"171","L384",384,"L","1.06","-1.8","2","93.5","4.9","0.186","1.931","0.051672","113.1594",0,"core",-0.651277092061093,4.721445,NA,NA,"Core_Residue"
"172","M386",386,"M","0.64","-1.3","2","94.1","5.7","0.221","2.034","0.002683","131.1986",2.278674348,"core",-0.890072131322907,4.3133165,NA,NA,"Core_Residue"
"173","N389",389,"N","-0.78","2","4","58.7","11.6","0.134","1.655","0.005392","114.1039",0,"core",-1.01449194621023,8.4496175,NA,NA,"Core_Residue"
"174","L391",391,"L","1.06","-1.8","2","93.5","4.9","0.186","1.931","0.051672","113.1594",0,"core",-0.835874517039604,4.343453,NA,NA,"Core_Residue"
"175","L394",394,"L","1.06","-1.8","2","93.5","4.9","0.186","1.931","0.051672","113.1594",0,"core",-0.846404751041499,3.4465225,NA,NA,"Core_Residue"
"176","P395",395,"P","0.12","0","2","41.9","8","0.131","1.468","0.239531","97.1167",0,"core",-1.30366478492136,8.430931,NA,NA,"Core_Residue"
"177","D397",397,"D","-0.9","3","4","40","13","0.105","1.587","-0.02382","115.0886",0,"core",-1.15329842637765,-0.085277,NA,NA,"Core_Residue"
"178","F398",398,"F","1.19","-2.5","2","115.5","5.2","0.29","2.228","0.037552","147.1766",1.71377508,"core",-0.590373253217224,4.2966435,NA,NA,"Core_Residue"
"179","W401",401,"W","0.81","-3.4","3","145.5","5.4","0.409","2.663","0.037977","186.2132",0,"core",-0.651987677216735,4.51222,NA,NA,"Core_Residue"
"180","M404",404,"M","0.64","-1.3","2","94.1","5.7","0.221","2.034","0.002683","131.1986",0,"core",-0.561823715698168,4.358776,NA,NA,"Core_Residue"
"181","L407",407,"L","1.06","-1.8","2","93.5","4.9","0.186","1.931","0.051672","113.1594",0,"core",-0.407445097226697,4.3348565,NA,NA,"Core_Residue"
"182","L409",409,"L","1.06","-1.8","2","93.5","4.9","0.186","1.931","0.051672","113.1594",0,"core",-0.76334019673877,3.568725,NA,NA,"Core_Residue"
"183","A410",410,"A","0.62","-0.5","2","27.5","8.1","0.046","1.181","0.007187","71.0788",0,"core",-0.32885375838944,2.699603,NA,NA,"Core_Residue"
"184","N412",412,"N","-0.78","2","4","58.7","11.6","0.134","1.655","0.005392","114.1039",0,"core",-1.02012499783315,6.9079485,NA,NA,"Core_Residue"
"185","L414",414,"L","1.06","-1.8","2","93.5","4.9","0.186","1.931","0.051672","113.1594",1.535720526,"core",-0.970250349285799,3.384219,NA,NA,"Core_Residue"
"186","I417",417,"I","1.38","-1.8","2","93.5","5.2","0.186","1.81","0.021631","113.1594",0.778988673,"core",-0.745322756435346,2.392545,NA,NA,"Core_Residue"
"187","V421",421,"V","1.08","-1.5","2","71.5","5.9","0.14","1.645","0.057004","99.1326",0.868015949,"core",-0.762445114703419,2.2903655,NA,NA,"Core_Residue"
"188","L424",424,"L","1.06","-1.8","2","93.5","4.9","0.186","1.931","0.051672","113.1594",0,"core",-0.636621570851248,5.544602,NA,NA,"Core_Residue"
"189","L427",427,"L","1.06","-1.8","2","93.5","4.9","0.186","1.931","0.051672","113.1594",1.535720526,"core",-0.61415766912445,5.18264,NA,NA,"Core_Residue"
"190","V429",429,"V","1.08","-1.5","2","71.5","5.9","0.14","1.645","0.057004","99.1326",0,"core",-0.28755183451764,1.3480485,NA,NA,"Core_Residue"
"191","L430",430,"L","1.06","-1.8","2","93.5","4.9","0.186","1.931","0.051672","113.1594",0,"core",-0.544604180080602,2.756313,NA,NA,"Core_Residue"
"192","L432",432,"L","1.06","-1.8","2","93.5","4.9","0.186","1.931","0.051672","113.1594",0,"core",-0.781171503654296,3.006041,NA,NA,"Core_Residue"
"193","N435",435,"N","-0.78","2","4","58.7","11.6","0.134","1.655","0.005392","114.1039",0,"core",-0.963686814204175,7.4355175,NA,NA,"Core_Residue"
"194","L437",437,"L","1.06","-1.8","2","93.5","4.9","0.186","1.931","0.051672","113.1594",0,"core",-0.367929851123255,3.607542,NA,NA,"Core_Residue"
"195","L440",440,"L","1.06","-1.8","2","93.5","4.9","0.186","1.931","0.051672","113.1594",0,"core",-0.82884560919959,3.5777505,NA,NA,"Core_Residue"
"196","P441",441,"P","0.12","0","2","41.9","8","0.131","1.468","0.239531","97.1167",0,"core",-0.723214045360027,6.09332,NA,NA,"Core_Residue"
"197","L444",444,"L","1.06","-1.8","2","93.5","4.9","0.186","1.931","0.051672","113.1594",0.826537332,"core",-0.549094350542962,2.8861295,NA,NA,"Core_Residue"
"198","G445",445,"G","0.48","0","2","0","9","0","0.881","0.179052","57.0519",0,"core",-0.122348131217937,3.8068085,NA,NA,"Core_Residue"
"199","L447",447,"L","1.06","-1.8","2","93.5","4.9","0.186","1.931","0.051672","113.1594",0,"core",-0.36166570665448,4.1561955,NA,NA,"Core_Residue"
"200","L450",450,"L","1.06","-1.8","2","93.5","4.9","0.186","1.931","0.051672","113.1594",0,"core",-0.622107125966791,5.7865765,NA,NA,"Core_Residue"
"201","L453",453,"L","1.06","-1.8","2","93.5","4.9","0.186","1.931","0.051672","113.1594",0,"core",-0.542692572564357,3.6335145,NA,NA,"Core_Residue"
"202","L455",455,"L","1.06","-1.8","2","93.5","4.9","0.186","1.931","0.051672","113.1594",0,"core",-0.50990719926505,3.8805625,NA,NA,"Core_Residue"
"203","N458",458,"N","-0.78","2","4","58.7","11.6","0.134","1.655","0.005392","114.1039",0,"core",-0.942154876594309,7.470214,NA,NA,"Core_Residue"
"204","L460",460,"L","1.06","-1.8","2","93.5","4.9","0.186","1.931","0.051672","113.1594",0,"core",-0.736997853130166,3.8106345,NA,NA,"Core_Residue"
"205","L463",463,"L","1.06","-1.8","2","93.5","4.9","0.186","1.931","0.051672","113.1594",0,"core",-0.737750744139948,4.2440425,NA,NA,"Core_Residue"
"206","P464",464,"P","0.12","0","2","41.9","8","0.131","1.468","0.239531","97.1167",0,"core",-0.357457839909307,3.474799,NA,NA,"Core_Residue"
"207","I467",467,"I","1.38","-1.8","2","93.5","5.2","0.186","1.81","0.021631","113.1594",0,"core",-0.342585611256198,2.9278385,NA,NA,"Core_Residue"
"208","A468",468,"A","0.62","-0.5","2","27.5","8.1","0.046","1.181","0.007187","71.0788",0,"core",-0.33527646020337,3.1798895,NA,NA,"Core_Residue"
"209","L470",470,"L","1.06","-1.8","2","93.5","4.9","0.186","1.931","0.051672","113.1594",0,"core",-0.0295542629730549,4.9248135,NA,NA,"Core_Residue"
"210","L473",473,"L","1.06","-1.8","2","93.5","4.9","0.186","1.931","0.051672","113.1594",0,"core",-0.453769014038109,5.7604155,NA,NA,"Core_Residue"
"211","L476",476,"L","1.06","-1.8","2","93.5","4.9","0.186","1.931","0.051672","113.1594",0,"core",-0.395334265397736,3.714676,NA,NA,"Core_Residue"
"212","V477",477,"V","1.08","-1.5","2","71.5","5.9","0.14","1.645","0.057004","99.1326",0.888682996,"core",-0.15471226374588,0.703614,NA,NA,"Core_Residue"
"213","L478",478,"L","1.06","-1.8","2","93.5","4.9","0.186","1.931","0.051672","113.1594",0,"core",-0.559724440981556,4.025516,NA,NA,"Core_Residue"
"214","N481",481,"N","-0.78","2","4","58.7","11.6","0.134","1.655","0.005392","114.1039",0,"core",-0.630125119893822,8.6701005,NA,NA,"Core_Residue"
"215","L483",483,"L","1.06","-1.8","2","93.5","4.9","0.186","1.931","0.051672","113.1594",0,"core",-0.366790079201136,3.4448725,NA,NA,"Core_Residue"
"216","L486",486,"L","1.06","-1.8","2","93.5","4.9","0.186","1.931","0.051672","113.1594",1.936873196,"core",-0.256323980350522,3.491888,NA,NA,"Core_Residue"
"217","G489",489,"G","0.48","0","2","0","9","0","0.881","0.179052","57.0519",0,"core",-0.297520498971822,-0.2924805,NA,NA,"Core_Residue"
"218","I490",490,"I","1.38","-1.8","2","93.5","5.2","0.186","1.81","0.021631","113.1594",0,"core",-0.179239356525138,2.980086,NA,NA,"Core_Residue"
"219","G491",491,"G","0.48","0","2","0","9","0","0.881","0.179052","57.0519",0,"core",-0.561148102584023,7.183668,NA,NA,"Core_Residue"
"220","L493",493,"L","1.06","-1.8","2","93.5","4.9","0.186","1.931","0.051672","113.1594",0,"core",0.0171869617203619,4.2323865,NA,NA,"Core_Residue"
"221","L496",496,"L","1.06","-1.8","2","93.5","4.9","0.186","1.931","0.051672","113.1594",0,"core",-0.422067453404896,5.956264,NA,NA,"Core_Residue"
"222","L499",499,"L","1.06","-1.8","2","93.5","4.9","0.186","1.931","0.051672","113.1594",0,"core",-0.388449442633621,3.3900865,NA,NA,"Core_Residue"
"223","G500",500,"G","0.48","0","2","0","9","0","0.881","0.179052","57.0519",0,"core",-0.197739576812985,-0.091404,NA,NA,"Core_Residue"
"224","L501",501,"L","1.06","-1.8","2","93.5","4.9","0.186","1.931","0.051672","113.1594",0,"core",-0.358821793917625,4.073383,NA,NA,"Core_Residue"
"225","G502",502,"G","0.48","0","2","0","9","0","0.881","0.179052","57.0519",0,"core",-0.137096811798767,2.979974,NA,NA,"Core_Residue"
"226","N504",504,"N","-0.78","2","4","58.7","11.6","0.134","1.655","0.005392","114.1039",0,"core",-0.338186081844929,6.973476,NA,NA,"Core_Residue"
"227","L506",506,"L","1.06","-1.8","2","93.5","4.9","0.186","1.931","0.051672","113.1594",0,"core",-0.387337066852748,3.2596685,NA,NA,"Core_Residue"
"228","L509",509,"L","1.06","-1.8","2","93.5","4.9","0.186","1.931","0.051672","113.1594",0,"core",-0.636771909795588,4.178543,NA,NA,"Core_Residue"
"229","P510",510,"P","0.12","0","2","41.9","8","0.131","1.468","0.239531","97.1167",2.119167144,"core",-0.0486595526092478,3.7413805,NA,NA,"Core_Residue"
"230","I513",513,"I","1.38","-1.8","2","93.5","5.2","0.186","1.81","0.021631","113.1594",2.217539183,"core",-0.318715058653814,3.0419755,NA,NA,"Core_Residue"
"231","G514",514,"G","0.48","0","2","0","9","0","0.881","0.179052","57.0519",0,"core",-0.3611576279635,4.7400875,NA,NA,"Core_Residue"
"232","L516",516,"L","1.06","-1.8","2","93.5","4.9","0.186","1.931","0.051672","113.1594",0,"core",-0.204692390634989,4.5495,NA,NA,"Core_Residue"
"233","L519",519,"L","1.06","-1.8","2","93.5","4.9","0.186","1.931","0.051672","113.1594",0,"core",-0.636516316366098,5.161216,NA,NA,"Core_Residue"
"234","L522",522,"L","1.06","-1.8","2","93.5","4.9","0.186","1.931","0.051672","113.1594",0,"core",-0.674566543827745,4.2986005,NA,NA,"Core_Residue"
"235","L524",524,"L","1.06","-1.8","2","93.5","4.9","0.186","1.931","0.051672","113.1594",0,"core",-0.329662182362071,4.8476645,NA,NA,"Core_Residue"
"236","N527",527,"N","-0.78","2","4","58.7","11.6","0.134","1.655","0.005392","114.1039",0,"core",-0.403427830464327,6.8882675,NA,NA,"Core_Residue"
"237","L530",530,"L","1.06","-1.8","2","93.5","4.9","0.186","1.931","0.051672","113.1594",0,"core",-0.445770429803346,4.0332175,NA,NA,"Core_Residue"
"238","L533",533,"L","1.06","-1.8","2","93.5","4.9","0.186","1.931","0.051672","113.1594",0,"core",-0.532176858031607,4.1074555,NA,NA,"Core_Residue"
"239","L537",537,"L","1.06","-1.8","2","93.5","4.9","0.186","1.931","0.051672","113.1594",0,"core",-0.561123190240852,4.276111,NA,NA,"Core_Residue"
"240","A538",538,"A","0.62","-0.5","2","27.5","8.1","0.046","1.181","0.007187","71.0788",0,"core",-0.545102641066281,5.99026,NA,NA,"Core_Residue"
"241","C540",540,"C","0.29","-1","2","44.6","5.5","0.128","1.461","-0.03661","103.1388",0,"core",-0.264484661420472,3.984962,NA,NA,"Core_Residue"
"242","M546",546,"M","0.64","-1.3","2","94.1","5.7","0.221","2.034","0.002683","131.1986",0,"core",-0.563199825802509,4.527733,NA,NA,"Core_Residue"
"243","S547",547,"S","-0.18","0.3","4","29.3","9.2","0.062","1.298","0.004627","87.0782",0,"core",-0.161300319588875,-0.172581,NA,NA,"Core_Residue"
"244","I548",548,"I","1.38","-1.8","2","93.5","5.2","0.186","1.81","0.021631","113.1594",0,"core",-0.0553819112086214,2.7236185,NA,NA,"Core_Residue"
"245","C551",551,"C","0.29","-1","2","44.6","5.5","0.128","1.461","-0.03661","103.1388",0,"core",-0.848384435819829,7.8637975,NA,NA,"Core_Residue"
"246","L553",553,"L","1.06","-1.8","2","93.5","4.9","0.186","1.931","0.051672","113.1594",0,"core",-0.605188537186961,3.973622,NA,NA,"Core_Residue"
"247","L556",556,"L","1.06","-1.8","2","93.5","4.9","0.186","1.931","0.051672","113.1594",0,"core",-0.308472417198815,3.29412,NA,NA,"Core_Residue"
"248","G564",564,"G","0.48","0","2","0","9","0","0.881","0.179052","57.0519",0,"core",-0.97844557201185,3.725176,NA,NA,"Core_Residue"
"249","I568",568,"I","1.38","-1.8","2","93.5","5.2","0.186","1.81","0.021631","113.1594",0,"core",-0.318815788271765,6.4311695,NA,NA,"Core_Residue"
"250","F571",571,"F","1.19","-2.5","2","115.5","5.2","0.29","2.228","0.037552","147.1766",0,"core",-0.35615115007287,3.513393,NA,NA,"Core_Residue"
"251","L572",572,"L","1.06","-1.8","2","93.5","4.9","0.186","1.931","0.051672","113.1594",0,"core",-0.389299786832936,3.4909835,NA,NA,"Core_Residue"
"252","G576",576,"G","0.48","0","2","0","9","0","0.881","0.179052","57.0519",0,"core",-0.546928636142899,10.306648,NA,NA,"Core_Residue"
"253","M1",1,"M","0.64","-1.3","2","94.1","5.7","0.221","2.034","0.002683","131.1986",3.806421923,"N_unstruc",NA,0.0387235,NA,NA,"Non_Contact_Surface_Residue"
"254","S2",2,"S","-0.18","0.3","4","29.3","9.2","0.062","1.298","0.004627","87.0782",2.022841365,"N_unstruc",-0.0963836706034536,0.1389305,NA,NA,"Non_Contact_Surface_Residue"
"255","S3",3,"S","-0.18","0.3","4","29.3","9.2","0.062","1.298","0.004627","87.0782",0,"N_unstruc",0.196673033628238,0.0268035,NA,NA,"Non_Contact_Surface_Residue"
"256","S4",4,"S","-0.18","0.3","4","29.3","9.2","0.062","1.298","0.004627","87.0782",2.979884591,"N_unstruc",0.100146068858018,1.6980305,NA,NA,"Non_Contact_Surface_Residue"
"257","L5",5,"L","1.06","-1.8","2","93.5","4.9","0.186","1.931","0.051672","113.1594",3.219145398,"N_unstruc",-0.0703884236846296,0.325459,NA,NA,"Non_Contact_Surface_Residue"
"258","G6",6,"G","0.48","0","2","0","9","0","0.881","0.179052","57.0519",0,"N_unstruc",-0.370367938631038,0.6917785,NA,NA,"Non_Contact_Surface_Residue"
"259","K7",7,"K","-1.5","3","2","100","11.3","0.219","2.258","0.017708","128.1741",0,"N_unstruc",-0.174234937733922,0.2228695,NA,NA,"Non_Contact_Surface_Residue"
"260","E8",8,"E","-0.74","3","4","62","12.3","0.151","1.862","0.006802","129.1155",3.045137538,"N_unstruc",0.140938506070447,0.7338,NA,NA,"Non_Contact_Surface_Residue"
"261","K9",9,"K","-1.5","3","2","100","11.3","0.219","2.258","0.017708","128.1741",0,"N_unstruc",0.120952331965463,0.6931805,NA,NA,"Non_Contact_Surface_Residue"
"262","D10",10,"D","-0.9","3","4","40","13","0.105","1.587","-0.02382","115.0886",0,"N_unstruc",-0.211919853328686,-0.0321665,NA,NA,"Non_Contact_Surface_Residue"
"263","S11",11,"S","-0.18","0.3","4","29.3","9.2","0.062","1.298","0.004627","87.0782",9.17891458,"N_unstruc",-0.284533536281774,0.1908855,NA,NA,"Non_Contact_Surface_Residue"
"264","K12",12,"K","-1.5","3","2","100","11.3","0.219","2.258","0.017708","128.1741",0,"N_unstruc",-0.21867892350798,0.0643325,NA,NA,"Non_Contact_Surface_Residue"
"265","E13",13,"E","-0.74","3","4","62","12.3","0.151","1.862","0.006802","129.1155",1.522568769,"N_unstruc",0.563374818340556,0.515602,NA,NA,"Non_Contact_Surface_Residue"
"266","K14",14,"K","-1.5","3","2","100","11.3","0.219","2.258","0.017708","128.1741",3.501908169,"N_unstruc",-0.0685666773341064,0.1016845,NA,NA,"Non_Contact_Surface_Residue"
"267","D15",15,"D","-0.9","3","4","40","13","0.105","1.587","-0.02382","115.0886",3.480157187,"N_unstruc",-0.0299273865389324,-0.136837,NA,NA,"Non_Contact_Surface_Residue"
"268","P16",16,"P","0.12","0","2","41.9","8","0.131","1.468","0.239531","97.1167",5.9380182,"N_unstruc",-0.108443431046763,0.1877805,NA,NA,"Non_Contact_Surface_Residue"
"269","K17",17,"K","-1.5","3","2","100","11.3","0.219","2.258","0.017708","128.1741",0,"N_unstruc",0.176144051848473,0.0963815,NA,NA,"Non_Contact_Surface_Residue"
"270","V18",18,"V","1.08","-1.5","2","71.5","5.9","0.14","1.645","0.057004","99.1326",8.287124301,"N_unstruc",0.0990637627192194,-0.094523,NA,NA,"Non_Contact_Surface_Residue"
"271","P19",19,"P","0.12","0","2","41.9","8","0.131","1.468","0.239531","97.1167",6.046773112,"N_unstruc",0.141914840526606,0.9198925,NA,NA,"Non_Contact_Surface_Residue"
"272","S20",20,"S","-0.18","0.3","4","29.3","9.2","0.062","1.298","0.004627","87.0782",7.634594828,"N_unstruc",0.0371005828026815,-0.238936,NA,NA,"Non_Contact_Surface_Residue"
"273","A21",21,"A","0.62","-0.5","2","27.5","8.1","0.046","1.181","0.007187","71.0788",4.785216132,"N_unstruc",-0.209185478492153,0.135766,NA,NA,"Non_Contact_Surface_Residue"
"274","K22",22,"K","-1.5","3","2","100","11.3","0.219","2.258","0.017708","128.1741",0,"N_unstruc",0.0456655132408603,0.138808,NA,NA,"Non_Contact_Surface_Residue"
"275","E23",23,"E","-0.74","3","4","62","12.3","0.151","1.862","0.006802","129.1155",0,"N_unstruc",0.288816658047935,0.380098,NA,NA,"Non_Contact_Surface_Residue"
"276","R24",24,"R","-2.53","3","4","105","10.5","0.18","1.932","0.049211","156.1875",3.588912099,"N_unstruc",0.0575881094636856,0.1175065,NA,NA,"Non_Contact_Surface_Residue"
"277","E25",25,"E","-0.74","3","4","62","12.3","0.151","1.862","0.006802","129.1155",3.697667011,"N_unstruc",0.241445939082992,0.0785535,NA,NA,"Non_Contact_Surface_Residue"
"278","K26",26,"K","-1.5","3","2","100","11.3","0.219","2.258","0.017708","128.1741",2.175098242,"N_unstruc",-0.127128635634312,0.330854,NA,NA,"Non_Contact_Surface_Residue"
"279","E27",27,"E","-0.74","3","4","62","12.3","0.151","1.862","0.006802","129.1155",2.175098242,"N_unstruc",-0.150825094968901,0.167706,NA,NA,"Non_Contact_Surface_Residue"
"280","A28",28,"A","0.62","-0.5","2","27.5","8.1","0.046","1.181","0.007187","71.0788",3.349651292,"N_unstruc",-0.0324678023727998,0.086596,NA,NA,"Non_Contact_Surface_Residue"
"281","K29",29,"K","-1.5","3","2","100","11.3","0.219","2.258","0.017708","128.1741",0,"N_unstruc",0.0318935839872298,0.607382,NA,NA,"Non_Contact_Surface_Residue"
"282","A30",30,"A","0.62","-0.5","2","27.5","8.1","0.046","1.181","0.007187","71.0788",1.805331541,"N_unstruc",-0.0809622282368167,-0.218164,NA,NA,"Non_Contact_Surface_Residue"
"283","S31",31,"S","-0.18","0.3","4","29.3","9.2","0.062","1.298","0.004627","87.0782",3.936927817,"N_unstruc",-0.100587045397581,-0.041137,NA,NA,"Non_Contact_Surface_Residue"
"284","G32",32,"G","0.48","0","2","0","9","0","0.881","0.179052","57.0519",4.980974973,"N_unstruc",0.12386036102049,-1.7076085,NA,NA,"Non_Contact_Surface_Residue"
"285","G33",33,"G","0.48","0","2","0","9","0","0.881","0.179052","57.0519",1.957588418,"N_unstruc",NA,2.815552,NA,NA,"Non_Contact_Surface_Residue"
"286","F34",34,"F","1.19","-2.5","2","115.5","5.2","0.29","2.228","0.037552","147.1766",5.154982833,"N_unstruc",-0.159264078804281,-0.051183,NA,NA,"Non_Contact_Surface_Residue"
"287","G35",35,"G","0.48","0","2","0","9","0","0.881","0.179052","57.0519",4.132686659,"N_unstruc",0.129563701108313,0.2181145,NA,NA,"Non_Contact_Surface_Residue"
"288","K36",36,"K","-1.5","3","2","100","11.3","0.219","2.258","0.017708","128.1741",1.631323681,"N_unstruc",-0.146142834499124,0.088684,NA,NA,"Non_Contact_Surface_Residue"
"289","E37",37,"E","-0.74","3","4","62","12.3","0.151","1.862","0.006802","129.1155",6.394788831,"N_unstruc",0.107472961015057,0.7598965,NA,NA,"Non_Contact_Surface_Residue"
"290","S38",38,"S","-0.18","0.3","4","29.3","9.2","0.062","1.298","0.004627","87.0782",3.045137538,"N_unstruc",-0.180158093299202,0.445205,NA,NA,"Non_Contact_Surface_Residue"
"291","K39",39,"K","-1.5","3","2","100","11.3","0.219","2.258","0.017708","128.1741",1.827082523,"N_unstruc",-0.270973535005789,0.0241675,NA,NA,"Non_Contact_Surface_Residue"
"292","E40",40,"E","-0.74","3","4","62","12.3","0.151","1.862","0.006802","129.1155",3.697667011,"N_unstruc",0.347522159812819,0.023893,NA,NA,"Non_Contact_Surface_Residue"
"293","K41",41,"K","-1.5","3","2","100","11.3","0.219","2.258","0.017708","128.1741",0,"N_unstruc",-0.136420119576703,0.584346,NA,NA,"Non_Contact_Surface_Residue"
"294","E42",42,"E","-0.74","3","4","62","12.3","0.151","1.862","0.006802","129.1155",1.522568769,"N_unstruc",0.255043025691114,0.002805,NA,NA,"Non_Contact_Surface_Residue"
"295","P43",43,"P","0.12","0","2","41.9","8","0.131","1.468","0.239531","97.1167",7.939108582,"N_unstruc",-0.14052363693059,0.344288,NA,NA,"Non_Contact_Surface_Residue"
"296","K44",44,"K","-1.5","3","2","100","11.3","0.219","2.258","0.017708","128.1741",0,"N_unstruc",-0.194727967949016,0.30466,NA,NA,"Non_Contact_Surface_Residue"
"297","T45",45,"T","-0.05","-0.4","4","51.3","8.6","0.108","1.525","0.003352","101.1051",1.522568769,"N_unstruc",0.00943476954560512,0.2871095,NA,NA,"Non_Contact_Surface_Residue"
"298","K46",46,"K","-1.5","3","2","100","11.3","0.219","2.258","0.017708","128.1741",0,"N_unstruc",-0.323130209121474,0.203342,NA,NA,"Non_Contact_Surface_Residue"
"299","G47",47,"G","0.48","0","2","0","9","0","0.881","0.179052","57.0519",2.06634333,"N_unstruc",0.00213717621059576,0.093018,NA,NA,"Non_Contact_Surface_Residue"
"300","K48",48,"K","-1.5","3","2","100","11.3","0.219","2.258","0.017708","128.1741",1.326809927,"N_unstruc",-0.211159830987435,0.4233325,NA,NA,"Non_Contact_Surface_Residue"
"301","D49",49,"D","-0.9","3","4","40","13","0.105","1.587","-0.02382","115.0886",3.349651292,"N_unstruc",0.178742150498186,-0.1104305,NA,NA,"Non_Contact_Surface_Residue"
"302","A50",50,"A","0.62","-0.5","2","27.5","8.1","0.046","1.181","0.007187","71.0788",0,"N_unstruc",0.0647871902710038,0.060028,NA,NA,"Non_Contact_Surface_Residue"
"303","K51",51,"K","-1.5","3","2","100","11.3","0.219","2.258","0.017708","128.1741",0,"N_unstruc",-0.384556186642953,0.2811335,NA,NA,"Non_Contact_Surface_Residue"
"304","D52",52,"D","-0.9","3","4","40","13","0.105","1.587","-0.02382","115.0886",4.872220061,"N_unstruc",0.128102835053361,0.518444,NA,NA,"Non_Contact_Surface_Residue"
"305","G53",53,"G","0.48","0","2","0","9","0","0.881","0.179052","57.0519",0,"N_unstruc",0.0318844987943738,0.1124225,NA,NA,"Non_Contact_Surface_Residue"
"306","K54",54,"K","-1.5","3","2","100","11.3","0.219","2.258","0.017708","128.1741",1.326809927,"N_unstruc",-0.151006581224824,0.375314,NA,NA,"Non_Contact_Surface_Residue"
"307","K55",55,"K","-1.5","3","2","100","11.3","0.219","2.258","0.017708","128.1741",2.653619855,"N_unstruc",-0.29745899617616,0.2459405,NA,NA,"Non_Contact_Surface_Residue"
"308","D56",56,"D","-0.9","3","4","40","13","0.105","1.587","-0.02382","115.0886",1.674825646,"N_unstruc",0.325048459475681,0.913717,NA,NA,"Non_Contact_Surface_Residue"
"309","S57",57,"S","-0.18","0.3","4","29.3","9.2","0.062","1.298","0.004627","87.0782",5.894516235,"N_unstruc",-0.141268722028465,-0.2683765,NA,NA,"Non_Contact_Surface_Residue"
"310","S58",58,"S","-0.18","0.3","4","29.3","9.2","0.062","1.298","0.004627","87.0782",3.414904239,"N_unstruc",-0.0570165358838096,0.077474,NA,NA,"Non_Contact_Surface_Residue"
"311","A59",59,"A","0.62","-0.5","2","27.5","8.1","0.046","1.181","0.007187","71.0788",6.808057496,"N_unstruc",0.0693426333317776,-0.453805,NA,NA,"Non_Contact_Surface_Residue"
"312","A60",60,"A","0.62","-0.5","2","27.5","8.1","0.046","1.181","0.007187","71.0788",6.851559461,"N_unstruc",-0.039005930465765,0.0266075,NA,NA,"Non_Contact_Surface_Residue"
"313","Q61",61,"Q","-0.85","0.2","4","80.7","10.5","0.18","1.932","0.049211","128.1307",5.633504446,"N_unstruc",0.0544809563463724,0.4259225,NA,NA,"Non_Contact_Surface_Residue"
"314","P62",62,"P","0.12","0","2","41.9","8","0.131","1.468","0.239531","97.1167",1.914086453,"N_unstruc",0.254945138068568,-0.0084895,NA,NA,"Non_Contact_Surface_Residue"
"315","G63",63,"G","0.48","0","2","0","9","0","0.881","0.179052","57.0519",3.915176835,"N_unstruc",0.218569037877537,0.0224225,NA,NA,"Non_Contact_Surface_Residue"
"316","D69",69,"D","-0.9","3","4","40","13","0.105","1.587","-0.02382","115.0886",0,"N_unstruc",-0.496605691195634,2.489701,NA,NA,"Non_Contact_Surface_Residue"
"317","N70",70,"N","-0.78","2","4","58.7","11.6","0.134","1.655","0.005392","114.1039",1.609572699,"N_unstruc",-0.936590611101568,-0.052225,NA,NA,"Non_Contact_Surface_Residue"
"318","T71",71,"T","-0.05","-0.4","4","51.3","8.6","0.108","1.525","0.003352","101.1051",0,"N_unstruc",-0.286566180274129,0.764424,NA,NA,"Non_Contact_Surface_Residue"
"319","A78",78,"A","0.62","-0.5","2","27.5","8.1","0.046","1.181","0.007187","71.0788",1.805331541,"N_unstruc",0.0415971176568255,-0.075382,NA,NA,"Non_Contact_Surface_Residue"
"320","P79",79,"P","0.12","0","2","41.9","8","0.131","1.468","0.239531","97.1167",12.05004426,"N_unstruc",-0.0682041838125046,0.2515065,NA,NA,"Non_Contact_Surface_Residue"
"321","G80",80,"G","0.48","0","2","0","9","0","0.881","0.179052","57.0519",1.848833505,"N_unstruc",0.11558236286596,-0.743533,NA,NA,"Non_Contact_Surface_Residue"
"322","T81",81,"T","-0.05","-0.4","4","51.3","8.6","0.108","1.525","0.003352","101.1051",5.328990692,"N_unstruc",-0.0829353631020337,-0.162822,NA,NA,"Non_Contact_Surface_Residue"
"323","R82",82,"R","-2.53","3","4","105","10.5","0.18","1.932","0.049211","156.1875",1.957588418,"N_unstruc",-0.612727664672884,0.9576595,NA,NA,"Non_Contact_Surface_Residue"
"324","K83",83,"K","-1.5","3","2","100","11.3","0.219","2.258","0.017708","128.1741",0,"N_unstruc",-0.214366903262776,0.440684,NA,NA,"Non_Contact_Surface_Residue"
"325","K84",84,"K","-1.5","3","2","100","11.3","0.219","2.258","0.017708","128.1741",0,"N_unstruc",-0.279667166031602,0.178549,NA,NA,"Non_Contact_Surface_Residue"
"326","S85",85,"S","-0.18","0.3","4","29.3","9.2","0.062","1.298","0.004627","87.0782",1.087549121,"N_unstruc",-0.0548523498770898,0.0666275,NA,NA,"Non_Contact_Surface_Residue"
"327","S86",86,"S","-0.18","0.3","4","29.3","9.2","0.062","1.298","0.004627","87.0782",0,"N_unstruc",-0.132673298788313,1.4645495,NA,NA,"Non_Contact_Surface_Residue"
"328","N87",87,"N","-0.78","2","4","58.7","11.6","0.134","1.655","0.005392","114.1039",0,"N_unstruc",-0.614970196610755,-0.2209305,NA,NA,"Non_Contact_Surface_Residue"
"329","A88",88,"A","0.62","-0.5","2","27.5","8.1","0.046","1.181","0.007187","71.0788",0,"surface",0.0164724437199643,0.1545075,NA,NA,"Non_Contact_Surface_Residue"
"330","E89",89,"E","-0.74","3","4","62","12.3","0.151","1.862","0.006802","129.1155",0,"surface",0.126377739795292,0.7420855,NA,NA,"Non_Contact_Surface_Residue"
"331","I91",91,"I","1.38","-1.8","2","93.5","5.2","0.186","1.81","0.021631","113.1594",1.891829633,"surface",0.138855840229343,1.1138315,NA,NA,"Non_Contact_Surface_Residue"
"332","K92",92,"K","-1.5","3","2","100","11.3","0.219","2.258","0.017708","128.1741",0,"surface",-0.533427843032027,1.101257,NA,NA,"Non_Contact_Surface_Residue"
"333","E93",93,"E","-0.74","3","4","62","12.3","0.151","1.862","0.006802","129.1155",0,"surface",-0.0941358557902168,-0.109976,NA,NA,"Non_Contact_Surface_Residue"
"334","N95",95,"N","-0.78","2","4","58.7","11.6","0.134","1.655","0.005392","114.1039",1.736031899,"surface",-0.282507950328924,-0.166181,NA,NA,"Non_Contact_Surface_Residue"
"335","K96",96,"K","-1.5","3","2","100","11.3","0.219","2.258","0.017708","128.1741",0,"surface",-0.464914720699205,0.869168,NA,NA,"Non_Contact_Surface_Residue"
"336","R98",98,"R","-2.53","3","4","105","10.5","0.18","1.932","0.049211","156.1875",0,"surface",-0.452465730655586,0.700409,NA,NA,"Non_Contact_Surface_Residue"
"337","E99",99,"E","-0.74","3","4","62","12.3","0.151","1.862","0.006802","129.1155",0,"surface",0.116651064263472,-0.110401,NA,NA,"Non_Contact_Surface_Residue"
"338","E100",100,"E","-0.74","3","4","62","12.3","0.151","1.862","0.006802","129.1155",0,"surface",-0.336319122749192,0.1836235,NA,NA,"Non_Contact_Surface_Residue"
"339","N101",101,"N","-0.78","2","4","58.7","11.6","0.134","1.655","0.005392","114.1039",0,"surface",0.0166355591160824,0.8464155,NA,NA,"Non_Contact_Surface_Residue"
"340","S102",102,"S","-0.18","0.3","4","29.3","9.2","0.062","1.298","0.004627","87.0782",1.112840961,"surface",-0.369257175641328,0.8268045,NA,NA,"Non_Contact_Surface_Residue"
"341","M103",103,"M","0.64","-1.3","2","94.1","5.7","0.221","2.034","0.002683","131.1986",8.346307206,"surface",-0.291768885605545,0.1808845,NA,NA,"Non_Contact_Surface_Residue"
"342","K109",109,"K","-1.5","3","2","100","11.3","0.219","2.258","0.017708","128.1741",0,"surface",-0.652293044954794,0.704261,-25.04,25.04,"Non_Contact_Surface_Residue"
"343","R110",110,"R","-2.53","3","4","105","10.5","0.18","1.932","0.049211","156.1875",1.446693249,"surface",-0.754144883961952,1.11473,NA,NA,"Non_Contact_Surface_Residue"
"344","S111",111,"S","-0.18","0.3","4","29.3","9.2","0.062","1.298","0.004627","87.0782",0,"surface",0.0436029233765209,-0.11873,NA,NA,"Non_Contact_Surface_Residue"
"345","H113",113,"H","-0.4","-0.5","4","79","10.4","0.23","2.025","-0.01069","137.1411",1.98085691,"surface",-0.0344658728967968,0.0088775,NA,NA,"Non_Contact_Surface_Residue"
"346","I114",114,"I","1.38","-1.8","2","93.5","5.2","0.186","1.81","0.021631","113.1594",1.825059176,"surface",-0.272340362754867,0.0818485,NA,NA,"Non_Contact_Surface_Residue"
"347","P116",116,"P","0.12","0","2","41.9","8","0.131","1.468","0.239531","97.1167",0,"surface",-0.336750922770571,1.982231,NA,NA,"Non_Contact_Surface_Residue"
"348","S117",117,"S","-0.18","0.3","4","29.3","9.2","0.062","1.298","0.004627","87.0782",5.11906842,"surface",-0.32655738770053,-0.498218,NA,NA,"Non_Contact_Surface_Residue"
"349","S118",118,"S","-0.18","0.3","4","29.3","9.2","0.062","1.298","0.004627","87.0782",2.225681922,"surface",-0.125798539168015,-0.870288,NA,NA,"Non_Contact_Surface_Residue"
"350","K120",120,"K","-1.5","3","2","100","11.3","0.219","2.258","0.017708","128.1741",0,"surface",-0.332873929935446,1.0194235,NA,NA,"Non_Contact_Surface_Residue"
"351","E121",121,"E","-0.74","3","4","62","12.3","0.151","1.862","0.006802","129.1155",1.557977345,"surface",0.192661348094051,-0.1908805,NA,NA,"Non_Contact_Surface_Residue"
"352","T123",123,"T","-0.05","-0.4","4","51.3","8.6","0.108","1.525","0.003352","101.1051",0,"surface",-0.383704488633023,-0.5059645,NA,NA,"Non_Contact_Surface_Residue"
"353","Q124",124,"Q","-0.85","0.2","4","80.7","10.5","0.18","1.932","0.049211","128.1307",0,"surface",-0.129042844296059,-0.273302,NA,NA,"Non_Contact_Surface_Residue"
"354","T126",126,"T","-0.05","-0.4","4","51.3","8.6","0.108","1.525","0.003352","101.1051",3.627861532,"surface",-0.313325734588492,-0.6598125,NA,NA,"Non_Contact_Surface_Residue"
"355","E127",127,"E","-0.74","3","4","62","12.3","0.151","1.862","0.006802","129.1155",0,"surface",-1.34679255213434,1.489716,0,0,"Non_Contact_Surface_Residue"
"356","S132",132,"S","-0.18","0.3","4","29.3","9.2","0.062","1.298","0.004627","87.0782",3.11595469,"surface",-0.897230088380791,0.157077,NA,NA,"Non_Contact_Surface_Residue"
"357","Q136",136,"Q","-0.85","0.2","4","80.7","10.5","0.18","1.932","0.049211","128.1307",0,"surface",-0.20369970357431,-0.1816665,-0.01,0.01,"Non_Contact_Surface_Residue"
"358","S137",137,"S","-0.18","0.3","4","29.3","9.2","0.062","1.298","0.004627","87.0782",4.095254736,"surface",-0.498187329059413,0.294027,NA,NA,"Non_Contact_Surface_Residue"
"359","P139",139,"P","0.12","0","2","41.9","8","0.131","1.468","0.239531","97.1167",0,"surface",-0.329185912048756,2.8802715,NA,NA,"Non_Contact_Surface_Residue"
"360","A140",140,"A","0.62","-0.5","2","27.5","8.1","0.046","1.181","0.007187","71.0788",3.627861532,"surface",0.100703188034746,0.0542145,NA,NA,"Non_Contact_Surface_Residue"
"361","E141",141,"E","-0.74","3","4","62","12.3","0.151","1.862","0.006802","129.1155",0,"surface",-0.398167341628425,1.5750825,NA,NA,"Non_Contact_Surface_Residue"
"362","C144",144,"C","0.29","-1","2","44.6","5.5","0.128","1.461","-0.03661","103.1388",0,"surface",-0.11804645430527,0.1313305,NA,NA,"Non_Contact_Surface_Residue"
"363","V146",146,"V","1.08","-1.5","2","71.5","5.9","0.14","1.645","0.057004","99.1326",3.783659267,"surface",-0.088119601233684,0.048706,NA,NA,"Non_Contact_Surface_Residue"
"364","N147",147,"N","-0.78","2","4","58.7","11.6","0.134","1.655","0.005392","114.1039",4.918757047,"surface",-0.0818754227870013,1.492786,NA,NA,"Non_Contact_Surface_Residue"
"365","M149",149,"M","0.64","-1.3","2","94.1","5.7","0.221","2.034","0.002683","131.1986",7.634088991,"surface",-0.0285335655369723,1.028594,NA,NA,"Non_Contact_Surface_Residue"
"366","S157",157,"S","-0.18","0.3","4","29.3","9.2","0.062","1.298","0.004627","87.0782",0,"surface",-0.28155976687775,-0.2068375,NA,NA,"Non_Contact_Surface_Residue"
"367","T159",159,"T","-0.05","-0.4","4","51.3","8.6","0.108","1.525","0.003352","101.1051",0,"surface",-0.299061192151377,-0.180176,NA,NA,"Non_Contact_Surface_Residue"
"368","S160",160,"S","-0.18","0.3","4","29.3","9.2","0.062","1.298","0.004627","87.0782",0,"surface",-0.213023820203159,1.0599615,NA,NA,"Non_Contact_Surface_Residue"
"369","P162",162,"P","0.12","0","2","41.9","8","0.131","1.468","0.239531","97.1167",0,"surface",-0.270032579426754,4.709515,NA,NA,"Non_Contact_Surface_Residue"
"370","D163",163,"D","-0.9","3","4","40","13","0.105","1.587","-0.02382","115.0886",1.71377508,"surface",-0.144504253395959,0.4848615,NA,NA,"Non_Contact_Surface_Residue"
"371","S164",164,"S","-0.18","0.3","4","29.3","9.2","0.062","1.298","0.004627","87.0782",0,"surface",-0.36744060197734,0.012151,NA,NA,"Non_Contact_Surface_Residue"
"372","D166",166,"D","-0.9","3","4","40","13","0.105","1.587","-0.02382","115.0886",0,"surface",0.0189537141100475,-0.554379,NA,NA,"Non_Contact_Surface_Residue"
"373","N167",167,"N","-0.78","2","4","58.7","11.6","0.134","1.655","0.005392","114.1039",1.669261441,"surface",-0.143598989966178,0.1024275,NA,NA,"Non_Contact_Surface_Residue"
"374","K169",169,"K","-1.5","3","2","100","11.3","0.219","2.258","0.017708","128.1741",0,"surface",0.0362729830632501,0.4611285,NA,NA,"Non_Contact_Surface_Residue"
"375","K170",170,"K","-1.5","3","2","100","11.3","0.219","2.258","0.017708","128.1741",6.120625285,"surface",-0.107831938264954,1.2948215,NA,NA,"Non_Contact_Surface_Residue"
"376","R172",172,"R","-2.53","3","4","105","10.5","0.18","1.932","0.049211","156.1875",4.095254736,"surface",0.0569844695929659,0.867684,NA,NA,"Non_Contact_Surface_Residue"
"377","E183",183,"E","-0.74","3","4","62","12.3","0.151","1.862","0.006802","129.1155",0,"surface",0.101289047462437,-0.016159,NA,NA,"Non_Contact_Surface_Residue"
"378","S186",186,"S","-0.18","0.3","4","29.3","9.2","0.062","1.298","0.004627","87.0782",8.635645856,"surface",-0.0645841689258458,-0.3743,NA,NA,"Non_Contact_Surface_Residue"
"379","R190",190,"R","-2.53","3","4","105","10.5","0.18","1.932","0.049211","156.1875",0,"surface",0.129301649322126,0.763137,NA,NA,"Non_Contact_Surface_Residue"
"380","D192",192,"D","-0.9","3","4","40","13","0.105","1.587","-0.02382","115.0886",7.589575353,"surface",-0.0251740065048311,-0.3584255,NA,NA,"Non_Contact_Surface_Residue"
"381","T195",195,"T","-0.05","-0.4","4","51.3","8.6","0.108","1.525","0.003352","101.1051",1.557977345,"surface",-0.382452047561133,0.04721,NA,NA,"Non_Contact_Surface_Residue"
"382","T196",196,"T","-0.05","-0.4","4","51.3","8.6","0.108","1.525","0.003352","101.1051",1.825059176,"surface",-0.396434023788119,0.5817175,NA,NA,"Non_Contact_Surface_Residue"
"383","T205",205,"T","-0.05","-0.4","4","51.3","8.6","0.108","1.525","0.003352","101.1051",0,"surface",0.162953617721937,-0.154392,NA,NA,"Non_Contact_Surface_Residue"
"384","T206",206,"T","-0.05","-0.4","4","51.3","8.6","0.108","1.525","0.003352","101.1051",6.231909381,"surface",-0.177041299595847,0.085116,NA,NA,"Non_Contact_Surface_Residue"
"385","E208",208,"E","-0.74","3","4","62","12.3","0.151","1.862","0.006802","129.1155",0,"surface",0.0898233585922283,0.9847235,NA,NA,"Non_Contact_Surface_Residue"
"386","K209",209,"K","-1.5","3","2","100","11.3","0.219","2.258","0.017708","128.1741",1.669261441,"surface",0.0188621487305524,0.399754,NA,NA,"Non_Contact_Surface_Residue"
"387","D210",210,"D","-0.9","3","4","40","13","0.105","1.587","-0.02382","115.0886",1.71377508,"surface",-0.489099487791102,1.0529855,NA,NA,"Non_Contact_Surface_Residue"
"388","K212",212,"K","-1.5","3","2","100","11.3","0.219","2.258","0.017708","128.1741",6.142882104,"surface",0.0683829354823159,1.9197595,NA,NA,"Non_Contact_Surface_Residue"
"389","N213",213,"N","-0.78","2","4","58.7","11.6","0.134","1.655","0.005392","114.1039",7.38926398,"surface",-0.34778062986296,1.1002945,NA,NA,"Non_Contact_Surface_Residue"
"390","S215",215,"S","-0.18","0.3","4","29.3","9.2","0.062","1.298","0.004627","87.0782",1.936343272,"surface",-0.0803224833934179,0.850521,NA,NA,"Non_Contact_Surface_Residue"
"391","K216",216,"K","-1.5","3","2","100","11.3","0.219","2.258","0.017708","128.1741",3.227238786,"surface",-0.0164092625046151,0.5838625,NA,NA,"Non_Contact_Surface_Residue"
"392","S218",218,"S","-0.18","0.3","4","29.3","9.2","0.062","1.298","0.004627","87.0782",5.653232081,"surface",0.0758806910765,0.013595,NA,NA,"Non_Contact_Surface_Residue"
"393","K226",226,"K","-1.5","3","2","100","11.3","0.219","2.258","0.017708","128.1741",0,"surface",-0.92952642360121,0.1787995,NA,NA,"Non_Contact_Surface_Residue"
"394","K228",228,"K","-1.5","3","2","100","11.3","0.219","2.258","0.017708","128.1741",0,"surface",-0.299666828032217,0.011236,NA,NA,"Non_Contact_Surface_Residue"
"395","Q229",229,"Q","-0.85","0.2","4","80.7","10.5","0.18","1.932","0.049211","128.1307",1.870584488,"surface",-0.0797107311961932,0.143645,NA,NA,"Non_Contact_Surface_Residue"
"396","P231",231,"P","0.12","0","2","41.9","8","0.131","1.468","0.239531","97.1167",0,"surface",-0.459220371170296,3.457081,NA,NA,"Non_Contact_Surface_Residue"
"397","A232",232,"A","0.62","-0.5","2","27.5","8.1","0.046","1.181","0.007187","71.0788",0,"surface",0.303109685167504,0.202723,NA,NA,"Non_Contact_Surface_Residue"
"398","E233",233,"E","-0.74","3","4","62","12.3","0.151","1.862","0.006802","129.1155",2.175098242,"surface",0.0174756592330923,1.4367565,NA,NA,"Non_Contact_Surface_Residue"
"399","E236",236,"E","-0.74","3","4","62","12.3","0.151","1.862","0.006802","129.1155",0,"surface",-0.115316969424247,-0.3360445,NA,NA,"Non_Contact_Surface_Residue"
"400","C238",238,"C","0.29","-1","2","44.6","5.5","0.128","1.461","-0.03661","103.1388",0,"surface",0.189926050099911,-0.000153499999999999,NA,NA,"Non_Contact_Surface_Residue"
"401","N239",239,"N","-0.78","2","4","58.7","11.6","0.134","1.655","0.005392","114.1039",3.338522883,"surface",0.303461561824672,1.0474755,NA,NA,"Non_Contact_Surface_Residue"
"402","D244",244,"D","-0.9","3","4","40","13","0.105","1.587","-0.02382","115.0886",0,"surface",-1.2416943398344,0.497828,NA,NA,"Non_Contact_Surface_Residue"
"403","H247",247,"H","-0.4","-0.5","4","79","10.4","0.23","2.025","-0.01069","137.1411",0,"surface",-0.733363968099009,2.116546,NA,NA,"Non_Contact_Surface_Residue"
"404","Q249",249,"Q","-0.85","0.2","4","80.7","10.5","0.18","1.932","0.049211","128.1307",0,"surface",-0.300236556805264,0.2485565,-0.01,0.01,"Non_Contact_Surface_Residue"
"405","E251",251,"E","-0.74","3","4","62","12.3","0.151","1.862","0.006802","129.1155",0,"surface",0.208820116846549,0.774962,NA,NA,"Non_Contact_Surface_Residue"
"406","H252",252,"H","-0.4","-0.5","4","79","10.4","0.23","2.025","-0.01069","137.1411",0,"surface",-0.082395675370135,0.410044,NA,NA,"Non_Contact_Surface_Residue"
"407","P254",254,"P","0.12","0","2","41.9","8","0.131","1.468","0.239531","97.1167",0,"surface",-0.138380224963936,4.071602,NA,NA,"Non_Contact_Surface_Residue"
"408","K255",255,"K","-1.5","3","2","100","11.3","0.219","2.258","0.017708","128.1741",1.669261441,"surface",0.167865465752569,0.228704,NA,NA,"Non_Contact_Surface_Residue"
"409","E256",256,"E","-0.74","3","4","62","12.3","0.151","1.862","0.006802","129.1155",0,"surface",-0.235040606296698,1.4125285,NA,NA,"Non_Contact_Surface_Residue"
"410","N259",259,"N","-0.78","2","4","58.7","11.6","0.134","1.655","0.005392","114.1039",3.605604713,"surface",-0.167101647084699,0.4767065,NA,NA,"Non_Contact_Surface_Residue"
"411","T261",261,"T","-0.05","-0.4","4","51.3","8.6","0.108","1.525","0.003352","101.1051",4.629418397,"surface",-0.15983309720392,-0.4875255,NA,NA,"Non_Contact_Surface_Residue"
"412","Q262",262,"Q","-0.85","0.2","4","80.7","10.5","0.18","1.932","0.049211","128.1307",1.290895515,"surface",0.044038977676922,0.5665985,NA,NA,"Non_Contact_Surface_Residue"
"413","E272",272,"E","-0.74","3","4","62","12.3","0.151","1.862","0.006802","129.1155",1.595072044,"surface",0.737627289895704,0.6090665,NA,NA,"Non_Contact_Surface_Residue"
"414","L274",274,"L","1.06","-1.8","2","93.5","4.9","0.186","1.931","0.051672","113.1594",0,"surface",0.180489784958499,1.0415785,NA,NA,"Non_Contact_Surface_Residue"
"415","D275",275,"D","-0.9","3","4","40","13","0.105","1.587","-0.02382","115.0886",0,"surface",0.160211628571826,0.7110765,NA,NA,"Non_Contact_Surface_Residue"
"416","P277",277,"P","0.12","0","2","41.9","8","0.131","1.468","0.239531","97.1167",0,"surface",-0.133700238351403,4.2025695,NA,NA,"Non_Contact_Surface_Residue"
"417","D278",278,"D","-0.9","3","4","40","13","0.105","1.587","-0.02382","115.0886",5.10423054,"surface",-0.20761332710393,0.315546,NA,NA,"Non_Contact_Surface_Residue"
"418","T279",279,"T","-0.05","-0.4","4","51.3","8.6","0.108","1.525","0.003352","101.1051",1.412778096,"surface",0.0566970505918041,-0.243103,NA,NA,"Non_Contact_Surface_Residue"
"419","N282",282,"N","-0.78","2","4","58.7","11.6","0.134","1.655","0.005392","114.1039",0,"surface",-0.296163411928753,0.375732,NA,NA,"Non_Contact_Surface_Residue"
"420","S284",284,"S","-0.18","0.3","4","29.3","9.2","0.062","1.298","0.004627","87.0782",3.314637516,"surface",-0.211476119596029,-0.237113,NA,NA,"Non_Contact_Surface_Residue"
"421","S285",285,"S","-0.18","0.3","4","29.3","9.2","0.062","1.298","0.004627","87.0782",0,"surface",-0.0366354007536577,0.0305735,NA,NA,"Non_Contact_Surface_Residue"
"422","S287",287,"S","-0.18","0.3","4","29.3","9.2","0.062","1.298","0.004627","87.0782",7.002755315,"surface",-0.209286568816286,0.152528,NA,NA,"Non_Contact_Surface_Residue"
"423","R295",295,"R","-2.53","3","4","105","10.5","0.18","1.932","0.049211","156.1875",0,"surface",-0.504007756454317,1.323769,NA,NA,"Non_Contact_Surface_Residue"
"424","S297",297,"S","-0.18","0.3","4","29.3","9.2","0.062","1.298","0.004627","87.0782",0,"surface",-0.187952077347716,-0.1551155,NA,NA,"Non_Contact_Surface_Residue"
"425","A298",298,"A","0.62","-0.5","2","27.5","8.1","0.046","1.181","0.007187","71.0788",0,"surface",0.0623056338716606,-0.215554,NA,NA,"Non_Contact_Surface_Residue"
"426","P300",300,"P","0.12","0","2","41.9","8","0.131","1.468","0.239531","97.1167",0,"surface",-0.311029161117344,4.215431,NA,NA,"Non_Contact_Surface_Residue"
"427","R301",301,"R","-2.53","3","4","105","10.5","0.18","1.932","0.049211","156.1875",4.551790955,"surface",0.200397401819993,-0.425492,NA,NA,"Non_Contact_Surface_Residue"
"428","S302",302,"S","-0.18","0.3","4","29.3","9.2","0.062","1.298","0.004627","87.0782",0,"surface",-0.105334774658089,0.2561605,NA,NA,"Non_Contact_Surface_Residue"
"429","A304",304,"A","0.62","-0.5","2","27.5","8.1","0.046","1.181","0.007187","71.0788",1.657318758,"surface",-0.101214340742943,0.6599375,NA,NA,"Non_Contact_Surface_Residue"
"430","K305",305,"K","-1.5","3","2","100","11.3","0.219","2.258","0.017708","128.1741",1.890743935,"surface",0.14575704312846,0.5083705,NA,NA,"Non_Contact_Surface_Residue"
"431","S307",307,"S","-0.18","0.3","4","29.3","9.2","0.062","1.298","0.004627","87.0782",1.914086453,"surface",-0.216145710056303,0.220643,NA,NA,"Non_Contact_Surface_Residue"
"432","A308",308,"A","0.62","-0.5","2","27.5","8.1","0.046","1.181","0.007187","71.0788",3.641432764,"surface",-0.279591273390873,0.0476885,NA,NA,"Non_Contact_Surface_Residue"
"433","E310",310,"E","-0.74","3","4","62","12.3","0.151","1.862","0.006802","129.1155",3.431350104,"surface",-0.242966132794444,-0.005137,NA,NA,"Non_Contact_Surface_Residue"
"434","E311",311,"E","-0.74","3","4","62","12.3","0.151","1.862","0.006802","129.1155",0,"surface",-0.482538883819346,-0.284832,NA,NA,"Non_Contact_Surface_Residue"
"435","N317",317,"N","-0.78","2","4","58.7","11.6","0.134","1.655","0.005392","114.1039",0,"surface",-0.8319451036245,7.658971,NA,NA,"Non_Contact_Surface_Residue"
"436","N318",318,"N","-0.78","2","4","58.7","11.6","0.134","1.655","0.005392","114.1039",2.170854148,"surface",0.0677463381791846,0.3402945,NA,NA,"Non_Contact_Surface_Residue"
"437","S320",320,"S","-0.18","0.3","4","29.3","9.2","0.062","1.298","0.004627","87.0782",0,"surface",-0.282439405015196,-0.092016,NA,NA,"Non_Contact_Surface_Residue"
"438","T321",321,"T","-0.05","-0.4","4","51.3","8.6","0.108","1.525","0.003352","101.1051",4.925271238,"surface",-0.202923077241453,-0.0119605,NA,NA,"Non_Contact_Surface_Residue"
"439","P323",323,"P","0.12","0","2","41.9","8","0.131","1.468","0.239531","97.1167",0,"surface",-0.76777684583674,3.7553195,NA,NA,"Non_Contact_Surface_Residue"
"440","E324",324,"E","-0.74","3","4","62","12.3","0.151","1.862","0.006802","129.1155",0,"surface",0.0563830955846113,0.472612,NA,NA,"Non_Contact_Surface_Residue"
"441","S325",325,"S","-0.18","0.3","4","29.3","9.2","0.062","1.298","0.004627","87.0782",3.486371753,"surface",-0.172846850531869,-0.1980495,NA,NA,"Non_Contact_Surface_Residue"
"442","S328",328,"S","-0.18","0.3","4","29.3","9.2","0.062","1.298","0.004627","87.0782",1.709005761,"surface",-0.0418289772047217,-0.109963,NA,NA,"Non_Contact_Surface_Residue"
"443","S329",329,"S","-0.18","0.3","4","29.3","9.2","0.062","1.298","0.004627","87.0782",0,"surface",-0.510427942256498,0.506564,NA,NA,"Non_Contact_Surface_Residue"
"444","V331",331,"V","1.08","-1.5","2","71.5","5.9","0.14","1.645","0.057004","99.1326",1.184910661,"surface",-0.110303228470632,-0.345869,NA,NA,"Non_Contact_Surface_Residue"
"445","K332",332,"K","-1.5","3","2","100","11.3","0.219","2.258","0.017708","128.1741",9.502072033,"surface",-0.43400275944436,0.5695745,NA,NA,"Non_Contact_Surface_Residue"
"446","N334",334,"N","-0.78","2","4","58.7","11.6","0.134","1.655","0.005392","114.1039",3.782599418,"surface",-0.491691979823037,-0.055904,NA,NA,"Non_Contact_Surface_Residue"
"447","S335",335,"S","-0.18","0.3","4","29.3","9.2","0.062","1.298","0.004627","87.0782",0,"surface",-0.297947386023143,0.302022,NA,NA,"Non_Contact_Surface_Residue"
"448","C342",342,"C","0.29","-1","2","44.6","5.5","0.128","1.461","-0.03661","103.1388",0,"surface",-0.111720053247539,0.3860045,NA,NA,"Non_Contact_Surface_Residue"
"449","Q344",344,"Q","-0.85","0.2","4","80.7","10.5","0.18","1.932","0.049211","128.1307",0,"surface",-0.258168346855618,0.393856,NA,NA,"Non_Contact_Surface_Residue"
"450","L345",345,"L","1.06","-1.8","2","93.5","4.9","0.186","1.931","0.051672","113.1594",1.845726222,"surface",-0.0392712898905026,0.4018455,NA,NA,"Non_Contact_Surface_Residue"
"451","V348",348,"V","1.08","-1.5","2","71.5","5.9","0.14","1.645","0.057004","99.1326",4.010466853,"surface",0.096396192821706,-0.1563355,NA,NA,"Non_Contact_Surface_Residue"
"452","G349",349,"G","0.48","0","2","0","9","0","0.881","0.179052","57.0519",0,"surface",-0.423935071827241,3.791298,NA,NA,"Non_Contact_Surface_Residue"
"453","G350",350,"G","0.48","0","2","0","9","0","0.881","0.179052","57.0519",0,"surface",-0.151499287102069,0.0350615,NA,NA,"Non_Contact_Surface_Residue"
"454","P351",351,"P","0.12","0","2","41.9","8","0.131","1.468","0.239531","97.1167",0,"surface",-0.504688371218115,0.407838,NA,NA,"Non_Contact_Surface_Residue"
"455","S352",352,"S","-0.18","0.3","4","29.3","9.2","0.062","1.298","0.004627","87.0782",0,"surface",-0.116800004909941,-0.300403,NA,NA,"Non_Contact_Surface_Residue"
"456","S355",355,"S","-0.18","0.3","4","29.3","9.2","0.062","1.298","0.004627","87.0782",0,"surface",-0.0783756963702452,2.302597,NA,NA,"Non_Contact_Surface_Residue"
"457","T356",356,"T","-0.05","-0.4","4","51.3","8.6","0.108","1.525","0.003352","101.1051",0,"surface",-0.205617290523913,0.2540845,NA,NA,"Non_Contact_Surface_Residue"
"458","S359",359,"S","-0.18","0.3","4","29.3","9.2","0.062","1.298","0.004627","87.0782",2.574902014,"surface",-0.158177390334594,0.009737,NA,NA,"Non_Contact_Surface_Residue"
"459","N361",361,"N","-0.78","2","4","58.7","11.6","0.134","1.655","0.005392","114.1039",0,"surface",-0.78141144478381,0.681966,NA,NA,"Non_Contact_Surface_Residue"
"460","E363",363,"E","-0.74","3","4","62","12.3","0.151","1.862","0.006802","129.1155",0,"surface",-0.536632850956088,1.6220755,NA,NA,"Non_Contact_Surface_Residue"
"461","H364",364,"H","-0.4","-0.5","4","79","10.4","0.23","2.025","-0.01069","137.1411",0,"surface",-0.152600034415464,1.771713,NA,NA,"Non_Contact_Surface_Residue"
"462","R366",366,"R","-2.53","3","4","105","10.5","0.18","1.932","0.049211","156.1875",2.233100861,"surface",-0.0169171694562331,0.4498805,NA,NA,"Non_Contact_Surface_Residue"
"463","N368",368,"N","-0.78","2","4","58.7","11.6","0.134","1.655","0.005392","114.1039",1.777365992,"surface",-0.235629645645587,-0.347591,NA,NA,"Non_Contact_Surface_Residue"
"464","K369",369,"K","-1.5","3","2","100","11.3","0.219","2.258","0.017708","128.1741",0,"surface",0.390783510309994,0.230546,NA,NA,"Non_Contact_Surface_Residue"
"465","P371",371,"P","0.12","0","2","41.9","8","0.131","1.468","0.239531","97.1167",0,"surface",-1.14759450781519,2.357578,NA,NA,"Non_Contact_Surface_Residue"
"466","F372",372,"F","1.19","-2.5","2","115.5","5.2","0.29","2.228","0.037552","147.1766",0,"surface",-0.570691323480636,0.3643185,NA,NA,"Non_Contact_Surface_Residue"
"467","S376",376,"S","-0.18","0.3","4","29.3","9.2","0.062","1.298","0.004627","87.0782",0,"surface",-0.505929631268124,0.4894635,NA,NA,"Non_Contact_Surface_Residue"
"468","R377",377,"R","-2.53","3","4","105","10.5","0.18","1.932","0.049211","156.1875",0,"surface",NA,0.599339,NA,NA,"Non_Contact_Surface_Residue"
"469","K379",379,"K","-1.5","3","2","100","11.3","0.219","2.258","0.017708","128.1741",0,"surface",0.286531353843396,0.5475915,NA,NA,"Non_Contact_Surface_Residue"
"470","V380",380,"V","1.08","-1.5","2","71.5","5.9","0.14","1.645","0.057004","99.1326",0,"surface",-0.0688087507211916,-0.0116285,NA,NA,"Non_Contact_Surface_Residue"
"471","S382",382,"S","-0.18","0.3","4","29.3","9.2","0.062","1.298","0.004627","87.0782",0,"surface",-0.00793353571192383,0.0208655,NA,NA,"Non_Contact_Surface_Residue"
"472","K383",383,"K","-1.5","3","2","100","11.3","0.219","2.258","0.017708","128.1741",0,"surface",0.165152707863861,0.984098,0.1,0.1,"Non_Contact_Surface_Residue"
"473","N385",385,"N","-0.78","2","4","58.7","11.6","0.134","1.655","0.005392","114.1039",0,"surface",-0.53797411178548,1.1531565,NA,NA,"Non_Contact_Surface_Residue"
"474","K387",387,"K","-1.5","3","2","100","11.3","0.219","2.258","0.017708","128.1741",4.215547545,"surface",0.366419445819474,1.7069365,NA,NA,"Non_Contact_Surface_Residue"
"475","Q390",390,"Q","-0.85","0.2","4","80.7","10.5","0.18","1.932","0.049211","128.1307",0,"surface",-0.0540529731969063,0.6673335,NA,NA,"Non_Contact_Surface_Residue"
"476","T392",392,"T","-0.05","-0.4","4","51.3","8.6","0.108","1.525","0.003352","101.1051",0,"surface",0.0907510197583869,-0.302462,NA,NA,"Non_Contact_Surface_Residue"
"477","S393",393,"S","-0.18","0.3","4","29.3","9.2","0.062","1.298","0.004627","87.0782",2.225681922,"surface",0.252479341682629,0.735731,NA,NA,"Non_Contact_Surface_Residue"
"478","L396",396,"L","1.06","-1.8","2","93.5","4.9","0.186","1.931","0.051672","113.1594",0,"surface",-0.39352677465191,0.2887155,NA,NA,"Non_Contact_Surface_Residue"
"479","G399",399,"G","0.48","0","2","0","9","0","0.881","0.179052","57.0519",0,"surface",-0.511656457700436,3.2398305,NA,NA,"Non_Contact_Surface_Residue"
"480","T400",400,"T","-0.05","-0.4","4","51.3","8.6","0.108","1.525","0.003352","101.1051",0,"surface",-0.483310693154142,-0.0047965,NA,NA,"Non_Contact_Surface_Residue"
"481","T402",402,"T","-0.05","-0.4","4","51.3","8.6","0.108","1.525","0.003352","101.1051",0,"surface",-0.0597057328314626,-0.424742,NA,NA,"Non_Contact_Surface_Residue"
"482","S403",403,"S","-0.18","0.3","4","29.3","9.2","0.062","1.298","0.004627","87.0782",0,"surface",-0.0817579080382455,0.6270075,NA,NA,"Non_Contact_Surface_Residue"
"483","E406",406,"E","-0.74","3","4","62","12.3","0.151","1.862","0.006802","129.1155",0,"surface",-0.766208631608502,-0.240487,-3.1,3.1,"Non_Contact_Surface_Residue"
"484","N408",408,"N","-0.78","2","4","58.7","11.6","0.134","1.655","0.005392","114.1039",0,"surface",-0.363507865870568,1.3983395,NA,NA,"Non_Contact_Surface_Residue"
"485","Q413",413,"Q","-0.85","0.2","4","80.7","10.5","0.18","1.932","0.049211","128.1307",0,"surface",0.00871598411979354,0.700045,NA,NA,"Non_Contact_Surface_Residue"
"486","T415",415,"T","-0.05","-0.4","4","51.3","8.6","0.108","1.525","0.003352","101.1051",6.588018488,"surface",0.291838560167731,-0.300595,NA,NA,"Non_Contact_Surface_Residue"
"487","K416",416,"K","-1.5","3","2","100","11.3","0.219","2.258","0.017708","128.1741",0,"surface",0.0495306723936113,0.342823,NA,NA,"Non_Contact_Surface_Residue"
"488","P418",418,"P","0.12","0","2","41.9","8","0.131","1.468","0.239531","97.1167",2.025370549,"surface",-0.318817020988401,2.739804,NA,NA,"Non_Contact_Surface_Residue"
"489","E419",419,"E","-0.74","3","4","62","12.3","0.151","1.862","0.006802","129.1155",0,"surface",-0.535692520416003,0.4125105,NA,NA,"Non_Contact_Surface_Residue"
"490","D420",420,"D","-0.9","3","4","40","13","0.105","1.587","-0.02382","115.0886",0,"surface",-0.594505162955646,-0.1366345,NA,NA,"Non_Contact_Surface_Residue"
"491","S422",422,"S","-0.18","0.3","4","29.3","9.2","0.062","1.298","0.004627","87.0782",2.047627368,"surface",-0.264528575817451,-0.126365,NA,NA,"Non_Contact_Surface_Residue"
"492","G423",423,"G","0.48","0","2","0","9","0","0.881","0.179052","57.0519",0,"surface",-0.252088769581344,4.350896,NA,NA,"Non_Contact_Surface_Residue"
"493","V425",425,"V","1.08","-1.5","2","71.5","5.9","0.14","1.645","0.057004","99.1326",3.605604713,"surface",-0.250003172463114,-0.082748,NA,NA,"Non_Contact_Surface_Residue"
"494","S426",426,"S","-0.18","0.3","4","29.3","9.2","0.062","1.298","0.004627","87.0782",0,"surface",-0.170420653215126,0.036149,NA,NA,"Non_Contact_Surface_Residue"
"495","I431",431,"I","1.38","-1.8","2","93.5","5.2","0.186","1.81","0.021631","113.1594",0,"surface",0.063872984084324,1.726129,NA,NA,"Non_Contact_Surface_Residue"
"496","S433",433,"S","-0.18","0.3","4","29.3","9.2","0.062","1.298","0.004627","87.0782",0,"surface",-0.293590669521963,1.227615,NA,NA,"Non_Contact_Surface_Residue"
"497","L436",436,"L","1.06","-1.8","2","93.5","4.9","0.186","1.931","0.051672","113.1594",1.609572699,"surface",0.0233304589197824,0.905853,NA,NA,"Non_Contact_Surface_Residue"
"498","K438",438,"K","-1.5","3","2","100","11.3","0.219","2.258","0.017708","128.1741",1.326809927,"surface",0.130296923043861,0.3761555,NA,NA,"Non_Contact_Surface_Residue"
"499","K439",439,"K","-1.5","3","2","100","11.3","0.219","2.258","0.017708","128.1741",3.088639503,"surface",-0.0513226730724133,-0.00754299999999999,NA,NA,"Non_Contact_Surface_Residue"
"500","H442",442,"H","-0.4","-0.5","4","79","10.4","0.23","2.025","-0.01069","137.1411",0,"surface",0.0181876995235639,-0.042881,NA,NA,"Non_Contact_Surface_Residue"
"501","G443",443,"G","0.48","0","2","0","9","0","0.881","0.179052","57.0519",0,"surface",-0.306841270162067,4.053023,NA,NA,"Non_Contact_Surface_Residue"
"502","N446",446,"N","-0.78","2","4","58.7","11.6","0.134","1.655","0.005392","114.1039",1.696576629,"surface",-0.138178621719862,1.799597,NA,NA,"Non_Contact_Surface_Residue"
"503","R448",448,"R","-2.53","3","4","105","10.5","0.18","1.932","0.049211","156.1875",0,"surface",-0.0294349125800729,0.5774105,NA,NA,"Non_Contact_Surface_Residue"
"504","K449",449,"K","-1.5","3","2","100","11.3","0.219","2.258","0.017708","128.1741",0,"surface",-0.295934572474457,0.715859,NA,NA,"Non_Contact_Surface_Residue"
"505","R451",451,"R","-2.53","3","4","105","10.5","0.18","1.932","0.049211","156.1875",0,"surface",-0.192835390987149,1.9427755,NA,NA,"Non_Contact_Surface_Residue"
"506","E452",452,"E","-0.74","3","4","62","12.3","0.151","1.862","0.006802","129.1155",0,"surface",-0.2913956497434,-0.2143835,NA,NA,"Non_Contact_Surface_Residue"
"507","D454",454,"D","-0.9","3","4","40","13","0.105","1.587","-0.02382","115.0886",0,"surface",-0.813343190252187,-0.005366,NA,NA,"Non_Contact_Surface_Residue"
"508","K459",459,"K","-1.5","3","2","100","11.3","0.219","2.258","0.017708","128.1741",0,"surface",-0.0261946797221178,0.0738075,NA,NA,"Non_Contact_Surface_Residue"
"509","E461",461,"E","-0.74","3","4","62","12.3","0.151","1.862","0.006802","129.1155",0,"surface",0.0287657975263349,0.1864985,NA,NA,"Non_Contact_Surface_Residue"
"510","S462",462,"S","-0.18","0.3","4","29.3","9.2","0.062","1.298","0.004627","87.0782",2.001090382,"surface",0.0446637902946523,0.8774735,NA,NA,"Non_Contact_Surface_Residue"
"511","N465",465,"N","-0.78","2","4","58.7","11.6","0.134","1.655","0.005392","114.1039",1.957588418,"surface",-0.371985568870166,-0.3138455,NA,NA,"Non_Contact_Surface_Residue"
"512","E466",466,"E","-0.74","3","4","62","12.3","0.151","1.862","0.006802","129.1155",0,"surface",0.0856353029892805,2.281487,NA,NA,"Non_Contact_Surface_Residue"
"513","Y469",469,"Y","0.26","-2.3","3","117.3","6.2","0.298","2.368","0.023599","163.176",0,"surface",-0.357349331709223,0.6556225,NA,NA,"Non_Contact_Surface_Residue"
"514","K471",471,"K","-1.5","3","2","100","11.3","0.219","2.258","0.017708","128.1741",1.326809927,"surface",0.161312956110477,0.444637,NA,NA,"Non_Contact_Surface_Residue"
"515","D472",472,"D","-0.9","3","4","40","13","0.105","1.587","-0.02382","115.0886",0,"surface",-0.230551330591728,0.004219,NA,NA,"Non_Contact_Surface_Residue"
"516","Q474",474,"Q","-0.85","0.2","4","80.7","10.5","0.18","1.932","0.049211","128.1307",0,"surface",-0.257582055604121,1.9652235,NA,NA,"Non_Contact_Surface_Residue"
"517","K475",475,"K","-1.5","3","2","100","11.3","0.219","2.258","0.017708","128.1741",3.583347894,"surface",-0.386250284351245,1.0841625,NA,NA,"Non_Contact_Surface_Residue"
"518","T479",479,"T","-0.05","-0.4","4","51.3","8.6","0.108","1.525","0.003352","101.1051",0,"surface",-0.223422424849149,-0.7126565,NA,NA,"Non_Contact_Surface_Residue"
"519","N480",480,"N","-0.78","2","4","58.7","11.6","0.134","1.655","0.005392","114.1039",0,"surface",0.152759138654081,0.985512,NA,NA,"Non_Contact_Surface_Residue"
"520","Q482",482,"Q","-0.85","0.2","4","80.7","10.5","0.18","1.932","0.049211","128.1307",0,"surface",0.00122619142482014,0.516956,NA,NA,"Non_Contact_Surface_Residue"
"521","T484",484,"T","-0.05","-0.4","4","51.3","8.6","0.108","1.525","0.003352","101.1051",6.289141202,"surface",0.156251115424145,-0.5391105,NA,NA,"Non_Contact_Surface_Residue"
"522","T485",485,"T","-0.05","-0.4","4","51.3","8.6","0.108","1.525","0.003352","101.1051",1.868512966,"surface",-0.290427858801975,0.100018,NA,NA,"Non_Contact_Surface_Residue"
"523","P487",487,"P","0.12","0","2","41.9","8","0.131","1.468","0.239531","97.1167",0,"surface",-0.141529472689954,2.2079425,NA,NA,"Non_Contact_Surface_Residue"
"524","R488",488,"R","-2.53","3","4","105","10.5","0.18","1.932","0.049211","156.1875",0,"surface",-0.459513822391085,0.2958505,NA,NA,"Non_Contact_Surface_Residue"
"525","H492",492,"H","-0.4","-0.5","4","79","10.4","0.23","2.025","-0.01069","137.1411",0,"surface",-0.346943458848736,-0.1061875,NA,NA,"Non_Contact_Surface_Residue"
"526","T494",494,"T","-0.05","-0.4","4","51.3","8.6","0.108","1.525","0.003352","101.1051",1.777365992,"surface",-0.0038388567131934,-0.224325,NA,NA,"Non_Contact_Surface_Residue"
"527","N495",495,"N","-0.78","2","4","58.7","11.6","0.134","1.655","0.005392","114.1039",1.777365992,"surface",-0.124363265321987,0.871551,NA,NA,"Non_Contact_Surface_Residue"
"528","T497",497,"T","-0.05","-0.4","4","51.3","8.6","0.108","1.525","0.003352","101.1051",0,"surface",-0.201383532982838,1.178721,NA,NA,"Non_Contact_Surface_Residue"
"529","H498",498,"H","-0.4","-0.5","4","79","10.4","0.23","2.025","-0.01069","137.1411",0,"surface",-0.410444992021119,0.581962,NA,NA,"Non_Contact_Surface_Residue"
"530","L505",505,"L","1.06","-1.8","2","93.5","4.9","0.186","1.931","0.051672","113.1594",1.936873196,"surface",0.0638657619992731,0.1910825,NA,NA,"Non_Contact_Surface_Residue"
"531","T507",507,"T","-0.05","-0.4","4","51.3","8.6","0.108","1.525","0.003352","101.1051",3.440798266,"surface",0.153494486759051,-0.2192565,NA,NA,"Non_Contact_Surface_Residue"
"532","H508",508,"H","-0.4","-0.5","4","79","10.4","0.23","2.025","-0.01069","137.1411",3.964893366,"surface",-0.0479967151775006,-0.0700885,NA,NA,"Non_Contact_Surface_Residue"
"533","E511",511,"E","-0.74","3","4","62","12.3","0.151","1.862","0.006802","129.1155",0,"surface",-0.211394614516984,-0.20391,NA,NA,"Non_Contact_Surface_Residue"
"534","E512",512,"E","-0.74","3","4","62","12.3","0.151","1.862","0.006802","129.1155",0,"surface",-0.348317040932282,0.6265015,NA,NA,"Non_Contact_Surface_Residue"
"535","T515",515,"T","-0.05","-0.4","4","51.3","8.6","0.108","1.525","0.003352","101.1051",0,"surface",-1.11972782747846,-0.2755385,NA,NA,"Non_Contact_Surface_Residue"
"536","E517",517,"E","-0.74","3","4","62","12.3","0.151","1.862","0.006802","129.1155",0,"surface",-0.166896881782461,0.3013735,NA,NA,"Non_Contact_Surface_Residue"
"537","N518",518,"N","-0.78","2","4","58.7","11.6","0.134","1.655","0.005392","114.1039",0,"surface",-0.133523504298227,1.5192775,NA,NA,"Non_Contact_Surface_Residue"
"538","E520",520,"E","-0.74","3","4","62","12.3","0.151","1.862","0.006802","129.1155",0,"surface",0.0279188689131579,0.4056885,NA,NA,"Non_Contact_Surface_Residue"
"539","E521",521,"E","-0.74","3","4","62","12.3","0.151","1.862","0.006802","129.1155",0,"surface",-0.163647517501849,0.9057155,NA,NA,"Non_Contact_Surface_Residue"
"540","Y523",523,"Y","0.26","-2.3","3","117.3","6.2","0.298","2.368","0.023599","163.176",0,"surface",-0.0595988274540325,1.772828,NA,NA,"Non_Contact_Surface_Residue"
"541","N525",525,"N","-0.78","2","4","58.7","11.6","0.134","1.655","0.005392","114.1039",0,"surface",-0.102974077609822,0.522368,NA,NA,"Non_Contact_Surface_Residue"
"542","D526",526,"D","-0.9","3","4","40","13","0.105","1.587","-0.02382","115.0886",0,"surface",-0.442213687357012,1.7341235,NA,NA,"Non_Contact_Surface_Residue"
"543","P528",528,"P","0.12","0","2","41.9","8","0.131","1.468","0.239531","97.1167",0,"surface",0.143625347572951,1.0560615,NA,NA,"Non_Contact_Surface_Residue"
"544","N529",529,"N","-0.78","2","4","58.7","11.6","0.134","1.655","0.005392","114.1039",5.872765253,"surface",0.15916202330454,-0.0987655,NA,NA,"Non_Contact_Surface_Residue"
"545","H531",531,"H","-0.4","-0.5","4","79","10.4","0.23","2.025","-0.01069","137.1411",1.848833505,"surface",0.071838544719855,-0.1660615,NA,NA,"Non_Contact_Surface_Residue"
"546","S532",532,"S","-0.18","0.3","4","29.3","9.2","0.062","1.298","0.004627","87.0782",3.045137538,"surface",-0.105264899919798,0.026541,NA,NA,"Non_Contact_Surface_Residue"
"547","P534",534,"P","0.12","0","2","41.9","8","0.131","1.468","0.239531","97.1167",0,"surface",-0.25929547345535,4.105878,NA,NA,"Non_Contact_Surface_Residue"
"548","F535",535,"F","1.19","-2.5","2","115.5","5.2","0.29","2.228","0.037552","147.1766",0,"surface",-0.365509859806035,1.213404,NA,NA,"Non_Contact_Surface_Residue"
"549","E536",536,"E","-0.74","3","4","62","12.3","0.151","1.862","0.006802","129.1155",0,"surface",-0.373502010939887,1.554302,NA,NA,"Non_Contact_Surface_Residue"
"550","L539",539,"L","1.06","-1.8","2","93.5","4.9","0.186","1.931","0.051672","113.1594",0,"surface",-0.400457311864968,1.349114,NA,NA,"Non_Contact_Surface_Residue"
"551","S541",541,"S","-0.18","0.3","4","29.3","9.2","0.062","1.298","0.004627","87.0782",0,"surface",-0.257592261150443,-0.2465565,NA,NA,"Non_Contact_Surface_Residue"
"552","K542",542,"K","-1.5","3","2","100","11.3","0.219","2.258","0.017708","128.1741",0,"surface",-0.437893948742152,0.8259415,NA,NA,"Non_Contact_Surface_Residue"
"553","L543",543,"L","1.06","-1.8","2","93.5","4.9","0.186","1.931","0.051672","113.1594",0,"surface",-0.706751395783107,3.4431895,NA,NA,"Non_Contact_Surface_Residue"
"554","S544",544,"S","-0.18","0.3","4","29.3","9.2","0.062","1.298","0.004627","87.0782",0,"surface",-0.0222333453989224,-0.098201,NA,NA,"Non_Contact_Surface_Residue"
"555","I545",545,"I","1.38","-1.8","2","93.5","5.2","0.186","1.81","0.021631","113.1594",0,"surface",-0.139245767160098,1.0127105,NA,NA,"Non_Contact_Surface_Residue"
"556","E549",549,"E","-0.74","3","4","62","12.3","0.151","1.862","0.006802","129.1155",0,"surface",0.152063192288644,-0.050332,NA,NA,"Non_Contact_Surface_Residue"
"557","N550",550,"N","-0.78","2","4","58.7","11.6","0.134","1.655","0.005392","114.1039",0,"surface",0.00987660320668663,1.7062575,NA,NA,"Non_Contact_Surface_Residue"
"558","P552",552,"P","0.12","0","2","41.9","8","0.131","1.468","0.239531","97.1167",0,"surface",-0.173737076732113,1.769853,NA,NA,"Non_Contact_Surface_Residue"
"559","S554",554,"S","-0.18","0.3","4","29.3","9.2","0.062","1.298","0.004627","87.0782",3.001635574,"surface",0.012493475169702,-0.1678925,NA,NA,"Non_Contact_Surface_Residue"
"560","H555",555,"H","-0.4","-0.5","4","79","10.4","0.23","2.025","-0.01069","137.1411",2.001090382,"surface",0.035745259182319,-0.037584,NA,NA,"Non_Contact_Surface_Residue"
"561","P557",557,"P","0.12","0","2","41.9","8","0.131","1.468","0.239531","97.1167",0,"surface",0.171786657020302,2.8199435,NA,NA,"Non_Contact_Surface_Residue"
"562","P558",558,"P","0.12","0","2","41.9","8","0.131","1.468","0.239531","97.1167",3.828172905,"surface",0.0552440600945211,1.8246575,NA,NA,"Non_Contact_Surface_Residue"
"563","Q559",559,"Q","-0.85","0.2","4","80.7","10.5","0.18","1.932","0.049211","128.1307",0,"surface",-0.012803950066127,0.407433,NA,NA,"Non_Contact_Surface_Residue"
"564","I560",560,"I","1.38","-1.8","2","93.5","5.2","0.186","1.81","0.021631","113.1594",0,"surface",-0.321143940108921,2.2010275,NA,NA,"Non_Contact_Surface_Residue"
"565","V561",561,"V","1.08","-1.5","2","71.5","5.9","0.14","1.645","0.057004","99.1326",0,"surface",0.0482472696559792,1.392512,NA,NA,"Non_Contact_Surface_Residue"
"566","A562",562,"A","0.62","-0.5","2","27.5","8.1","0.046","1.181","0.007187","71.0788",0,"surface",0.0569262070647844,0.211768,NA,NA,"Non_Contact_Surface_Residue"
"567","G563",563,"G","0.48","0","2","0","9","0","0.881","0.179052","57.0519",0,"surface",-0.27223732639697,3.8612045,NA,NA,"Non_Contact_Surface_Residue"
"568","P565",565,"P","0.12","0","2","41.9","8","0.131","1.468","0.239531","97.1167",0,"surface",-0.553292491735599,1.342178,NA,NA,"Non_Contact_Surface_Residue"
"569","S566",566,"S","-0.18","0.3","4","29.3","9.2","0.062","1.298","0.004627","87.0782",0,"surface",-0.213749750909663,-0.5759725,NA,NA,"Non_Contact_Surface_Residue"
"570","F567",567,"F","1.19","-2.5","2","115.5","5.2","0.29","2.228","0.037552","147.1766",0,"surface",0.0949001261185581,0.137975,NA,NA,"Non_Contact_Surface_Residue"
"571","I569",569,"I","1.38","-1.8","2","93.5","5.2","0.186","1.81","0.021631","113.1594",0,"surface",-0.324779101276599,2.0712035,NA,NA,"Non_Contact_Surface_Residue"
"572","Q570",570,"Q","-0.85","0.2","4","80.7","10.5","0.18","1.932","0.049211","128.1307",0,"surface",-0.364507712228067,0.5001835,NA,NA,"Non_Contact_Surface_Residue"
"573","K573",573,"K","-1.5","3","2","100","11.3","0.219","2.258","0.017708","128.1741",0,"surface",-0.455621552848027,1.677949,NA,NA,"Non_Contact_Surface_Residue"
"574","M574",574,"M","0.64","-1.3","2","94.1","5.7","0.221","2.034","0.002683","131.1986",0,"surface",-0.251167234867336,1.604542,NA,NA,"Non_Contact_Surface_Residue"
"575","Q575",575,"Q","-0.85","0.2","4","80.7","10.5","0.18","1.932","0.049211","128.1307",0,"surface",-0.246096598844316,0.37062,NA,NA,"Non_Contact_Surface_Residue"
"576","P577",577,"P","0.12","0","2","41.9","8","0.131","1.468","0.239531","97.1167",2.022841365,"surface",-0.252254002349172,1.283008,NA,NA,"Non_Contact_Surface_Residue"
"577","Y578",578,"Y","0.26","-2.3","3","117.3","6.2","0.298","2.368","0.023599","163.176",0,"surface",-0.616763130053928,3.0158295,NA,NA,"Non_Contact_Surface_Residue"
"578","R579",579,"R","-2.53","3","4","105","10.5","0.18","1.932","0.049211","156.1875",0,"surface",-0.254188036269625,1.6485885,NA,NA,"Non_Contact_Surface_Residue"
"579","A580",580,"A","0.62","-0.5","2","27.5","8.1","0.046","1.181","0.007187","71.0788",0,"surface",-0.15160769795865,0.501643,NA,NA,"Non_Contact_Surface_Residue"
"580","M581",581,"M","0.64","-1.3","2","94.1","5.7","0.221","2.034","0.002683","131.1986",0,"surface",-0.392268117444732,-0.0808715,NA,NA,"Non_Contact_Surface_Residue"
"581","V582",582,"V","1.08","-1.5","2","71.5","5.9","0.14","1.645","0.057004","99.1326",0,"surface",-0.0601295206128514,-0.1495735,NA,NA,"Non_Contact_Surface_Residue"
